id,target_0,target_1,target_2,target_3,target_4,target_5,target_6
0,0.031477127,0.03162373,0.1459253,0.028800115,0.49668828,0.025992334,0.23949315
1,0.07646061,0.17223856,0.023029456,0.026302433,0.05463282,0.57053274,0.07680336
2,0.012512327,0.016098917,0.010957854,0.002044002,0.008224115,0.9288097,0.021353053
3,0.58933526,0.046544302,0.061580885,0.02574862,0.15649591,0.00077002944,0.1195251
4,0.020943195,0.2681732,0.021807425,0.61888903,0.007644256,0.021230947,0.04131191
5,0.11245117,0.2637356,0.2094646,0.17772748,0.15123,0.009197879,0.07619327
6,0.08667471,0.4436733,0.003635659,0.46324253,0.0004186035,8.461681e-05,0.002270658
7,0.00817565,0.100265756,0.038507674,0.036586992,0.02763831,0.7707439,0.018081713
8,0.038865075,0.25481802,0.28286096,0.18148947,0.19748767,0.036450468,0.0080283545
9,0.05181007,0.48011765,0.16553834,0.10921199,0.10545869,0.03919036,0.048672915
10,0.19380842,0.08643599,0.39905974,0.014067307,0.22909582,0.030091135,0.047441587
11,0.20825355,0.056495436,0.3577156,0.030395424,0.18142499,0.006181856,0.15953313
12,0.13101211,0.055099115,0.35767967,0.013686772,0.19438809,0.065334946,0.18279932
13,0.22373448,0.14194044,0.23888342,0.12953304,0.17559153,0.0632611,0.027056053
14,0.2786735,0.06846524,0.22449937,0.02043294,0.25155532,0.049068924,0.107304804
15,0.0119147645,0.08535999,0.019949999,0.85373586,0.005506193,0.0007886802,0.02274453
16,0.0021154697,0.16651237,0.0050843735,0.7020331,0.0012427402,0.11128442,0.011727474
17,0.12459447,0.022654055,0.39847958,0.0081961965,0.30123496,0.009613354,0.13522737
18,0.018587437,0.22572291,0.16668656,0.04290053,0.13012932,0.36739427,0.048578948
19,0.21338661,0.034452707,0.17932658,0.48517808,0.007435705,0.07493126,0.005288994
20,0.035849344,0.18472657,0.15286161,0.4945235,0.07045254,0.015672065,0.045914426
21,0.16651857,0.031581394,0.25362912,0.01944816,0.4999146,0.002616898,0.02629128
22,0.05710222,0.17122672,0.118174985,0.29418284,0.04263892,0.2912927,0.025381621
23,0.31627804,0.017827963,0.11361883,0.0067807017,0.3564896,0.0068277405,0.18217711
24,0.022791855,0.38560718,0.015081936,0.56658894,0.0026027134,0.0019531422,0.005374203
25,0.78726584,0.013393458,0.05243078,0.031835973,0.04933822,0.011885523,0.05385018
26,0.09450838,0.110163555,0.040113475,0.012089285,0.050801482,0.63991076,0.05241302
27,0.004553779,0.011412569,0.0022030412,0.002708327,0.0046794093,0.9733164,0.0011265032
28,0.11722582,0.056356817,0.3279337,0.039750263,0.35220796,0.043135345,0.06339004
29,0.02493913,0.025484659,0.051886376,0.016895488,0.10635815,0.5383231,0.2361131
30,0.050435077,0.39701524,0.07893228,0.3138872,0.046602488,0.014410168,0.09871751
31,0.36359468,0.017722758,0.071540244,0.021391688,0.16245535,0.07885527,0.28444007
32,0.047193315,0.29845518,0.17836998,0.0188091,0.19512576,0.14093663,0.121110044
33,0.3001275,0.1065602,0.19405565,0.10498907,0.11612358,0.008570145,0.16957386
34,0.026663415,0.5431001,0.04209405,0.19407213,0.022682471,0.08986117,0.08152666
35,0.13705763,0.02812909,0.2679032,0.017380156,0.45023507,0.0031631922,0.09613149
36,0.092424706,0.043621164,0.3441913,0.017602824,0.32033873,0.11452184,0.067299426
37,0.018491218,0.39650226,0.07359609,0.27913618,0.06993374,0.04017007,0.12217049
38,0.09009464,0.039009463,0.3731646,0.02124971,0.4112536,0.0050354213,0.060192578
39,0.14521061,0.02737016,0.2733063,0.028482176,0.30561912,0.005255048,0.21475652
40,0.040918592,0.16945428,0.22910444,0.03266987,0.25558805,0.24400954,0.028255196
41,0.22798583,0.087009296,0.15606304,0.028580928,0.17893347,0.2276368,0.093790665
42,0.06314404,0.5298997,0.030820427,0.34510788,0.0041184803,0.011137304,0.015772091
43,0.034866676,0.053706553,0.17591608,0.017395953,0.5106932,0.08024197,0.12717956
44,0.14897768,0.05954149,0.517379,0.040082846,0.1212701,0.08503358,0.027715348
45,0.14791717,0.013077216,0.34941304,0.021765796,0.20733197,0.08917386,0.17132102
46,0.021647697,0.19926505,0.03659992,0.15343224,0.034912154,0.48661545,0.06752745
47,0.0021997541,0.012761444,3.3265842e-05,0.9832835,0.00012072709,8.3422325e-05,0.0015178432
48,0.003667312,0.22359352,0.0037300512,0.7464974,0.0015277924,0.002879121,0.01810475
49,0.00045105699,0.0062569273,0.0016478276,0.00031092952,0.0013698027,0.9889565,0.0010069674
50,0.21673909,0.0208741,0.15752192,0.011872181,0.350917,0.17142284,0.07065289
51,0.22957337,0.051346984,0.1864406,0.02169704,0.36581406,0.03857266,0.10655532
52,0.15904938,0.08361447,0.020611666,0.0054504327,0.054364473,0.57100654,0.10590304
53,0.08062642,0.03385259,0.31263015,0.05063997,0.13159914,0.0020903002,0.38856137
54,0.11053606,0.025321063,0.12992966,0.015469462,0.09719092,0.01719015,0.60436267
55,0.07737255,0.07145129,0.10971249,0.068416275,0.08098481,0.22142753,0.37063503
56,0.090495616,0.26626903,0.18215117,0.08480465,0.24321508,0.056284722,0.076779716
57,0.07336409,0.023705442,0.040072985,0.0023492572,0.06019535,0.012978158,0.7873348
58,0.07956651,0.024439123,0.3983732,0.062290873,0.32433072,0.0011493166,0.10985026
59,0.13445427,0.116611615,0.0984432,0.07328299,0.2826138,0.04032486,0.2542692
60,0.028766537,0.013534185,0.11107953,0.009883889,0.20586035,0.093991145,0.53688437
61,0.36931232,0.096992664,0.22438663,0.0059604663,0.17797868,0.03607282,0.089296445
62,0.06140127,0.28559196,0.30880535,0.11422033,0.060548414,0.0183587,0.15107399
63,0.23817341,0.037723016,0.2836701,0.006587214,0.09983883,0.007854706,0.32615274
64,0.05601136,0.0079064425,0.0884767,0.0032117693,0.07943555,0.025816852,0.73914135
65,0.21927117,0.005720233,0.2365971,0.0046439483,0.44619444,0.035097387,0.052475747
66,0.1060943,0.036955602,0.1909447,0.019203817,0.16799296,0.00956167,0.46924698
67,0.11452393,0.05276547,0.107403904,0.14581525,0.14397165,0.32167414,0.11384566
68,0.19327553,0.023509918,0.06562649,0.010898537,0.1783615,0.03469205,0.49363592
69,0.018010236,0.8250572,0.043674886,0.060162343,0.017550452,0.0057417015,0.029803092
70,0.20931901,0.051126882,0.15384278,0.1442268,0.18089311,0.0031709357,0.25742048
71,0.085213125,0.19112143,0.33401,0.030912358,0.24705793,0.012266303,0.09941881
72,0.004592142,0.6835407,0.013864975,0.28355256,0.0034165517,0.0058623306,0.0051707732
73,0.01592117,0.08450709,0.049047515,0.01643345,0.053282145,0.68908745,0.091721185
74,0.011689253,0.6339904,0.020349743,0.2084071,0.016260894,0.060858328,0.048444256
75,0.06820145,0.11617009,0.20907646,0.012670594,0.19437422,0.108421504,0.29108572
76,0.07115291,0.10264048,0.17297803,0.0052311546,0.37367448,0.024418192,0.24990468
77,0.05334615,0.09820612,0.10576275,0.0046699457,0.17382029,0.080535844,0.48365897
78,0.15339391,0.02227702,0.20323767,0.010706013,0.28898007,0.027950892,0.29345444
79,0.002775354,0.3182014,0.006332776,0.6453412,0.0039673476,0.0064421464,0.016939735
80,0.12007646,0.021128373,0.09421344,0.010472361,0.3252687,0.09708857,0.33175215
81,0.10474759,0.11287102,0.15947424,0.14170022,0.28550464,0.01558404,0.18011819
82,0.07825026,0.011213016,0.06474101,0.0030947695,0.21879095,0.05222485,0.57168514
83,0.12054802,0.56749773,0.13053495,0.13144436,0.004723389,0.04071937,0.0045321817
84,0.1822238,0.015501569,0.3242558,0.0023725464,0.4147885,0.010565749,0.050291967
85,0.20519616,0.04419477,0.4588463,0.051664077,0.1335496,0.0290088,0.077540234
86,0.021997103,0.24462673,0.012887374,0.69086546,0.0015276793,0.021444142,0.0066516143
87,0.3649743,0.113783844,0.04619928,0.17694561,0.016180906,0.09774963,0.18416642
88,0.04366132,0.020176312,0.070810735,0.0045591183,0.14080682,0.15634628,0.56363946
89,0.017405286,0.05236025,0.19023229,0.0054348717,0.123053014,0.5455168,0.06599746
90,0.18095277,0.060047373,0.16770305,0.009454317,0.24515538,0.026001086,0.31068602
91,0.27920008,0.021378394,0.15981376,0.0032916253,0.1931052,0.010155574,0.33305532
92,0.04606824,0.15246925,0.12567325,0.18885776,0.124534056,0.06329197,0.29910547
93,0.0644641,0.44821975,0.01048815,0.050977744,0.024195516,0.31031767,0.09133705
94,0.0057256436,0.36810666,0.0059723454,0.6141237,0.0007851009,0.0023033242,0.0029832423
95,0.035459798,0.22005267,0.030302389,0.08650316,0.12193956,0.24795097,0.25779146
96,0.010127027,0.15098579,0.008963954,0.82246923,0.00059391174,0.0049452763,0.0019149068
97,0.09330113,0.05280046,0.27394092,0.36355138,0.13178003,0.021371186,0.06325491
98,0.071966745,0.10054623,0.07679304,0.0066229175,0.0911237,0.38917717,0.2637702
99,0.079302534,0.0139957415,0.09632275,0.03292185,0.096784435,0.12895861,0.5517141
100,0.18269159,0.023402994,0.11565675,0.006802493,0.09605445,0.004437543,0.5709542
101,0.32665431,0.011676945,0.19259655,0.0045816232,0.19599473,0.120667964,0.14782785
102,0.18692644,0.023931142,0.15973234,0.014114264,0.47468033,0.008802246,0.13181327
103,0.054831453,0.06148001,0.08797644,0.012784429,0.045398794,0.71782374,0.019705126
104,0.34949923,0.035620667,0.09452713,0.059013303,0.22603035,0.0036944728,0.23161483
105,0.007867607,0.1599713,0.02421801,0.6813853,0.016285736,0.035382167,0.07488981
106,0.2242769,0.035393205,0.16862363,0.026304113,0.49915117,0.009799783,0.03645128
107,0.01280015,0.107616305,0.04109336,0.2339429,0.029382266,0.11467737,0.46048766
108,0.0154603,0.10298844,0.04821702,0.731624,0.029269768,0.05324324,0.019197185
109,0.09369441,0.05645493,0.14896491,0.008037057,0.3140366,0.031703185,0.34710893
110,0.072841406,0.061010115,0.13638204,0.0059418953,0.10142099,0.37422016,0.24818341
111,0.12276704,0.22048262,0.08746812,0.052529775,0.12912962,0.12581488,0.26180798
112,0.110929415,0.028449072,0.20383112,0.0035938448,0.5572306,0.07660801,0.019357972
113,0.033250533,0.17866765,0.071683906,0.48487577,0.014538888,0.04588969,0.17109357
114,0.15784574,0.02372002,0.098949805,0.040814646,0.1320475,0.013219566,0.53340274
115,0.20941512,0.2863602,0.2689524,0.23389658,0.0006527169,0.00015490978,0.0005680564
116,0.035229407,0.13742499,0.043124408,0.19747011,0.02464999,0.50514585,0.05695527
117,0.07598575,0.38012478,0.14520614,0.3309902,0.0071824933,0.05319625,0.0073144557
118,0.029577423,0.006882833,0.010066654,0.0014485533,0.025334409,0.84041935,0.08627082
119,0.08902092,0.029054923,0.16336969,0.008420794,0.1527336,0.019440772,0.53795934
120,0.19556704,0.04635027,0.31304854,0.0071457615,0.38998678,0.026460767,0.021440897
121,0.082097575,0.08495886,0.22312424,0.08091703,0.27682474,0.0782543,0.17382331
122,0.018236412,0.12902458,0.012110277,0.18153827,0.0046896865,0.63892967,0.015471143
123,0.082107216,0.04516751,0.08695186,0.040230088,0.09528741,0.077121936,0.573134
124,0.20673408,0.16104025,0.17160094,0.026803488,0.19153248,0.031393755,0.21089499
125,0.006930905,0.027061168,0.011116765,0.8745753,0.0024196054,0.0048610917,0.07303511
126,0.08210706,0.027610611,0.23769543,0.02622698,0.25023228,0.23291177,0.14321586
127,0.19196206,0.032674983,0.21094199,0.015832372,0.37059134,0.0026018987,0.17539538
128,0.35840654,0.022680579,0.099406265,0.034070775,0.09271628,0.26303858,0.12968105
129,0.04463038,0.04577413,0.08188335,0.020446267,0.11349217,0.4278853,0.26588845
130,0.014158548,0.83406913,0.008037003,0.11776018,0.004467768,0.00084816624,0.020659195
131,0.3179098,0.027518842,0.25061908,0.00755142,0.362422,0.002235589,0.031743325
132,0.04367716,0.048528347,0.019994348,0.87018114,0.0022660752,0.01263964,0.0027133925
133,0.12557355,0.041593276,0.21376185,0.005274384,0.2968341,0.13604051,0.18092236
134,0.079566345,0.015254828,0.1507423,0.008506962,0.43766174,0.009448866,0.298819
135,0.013849035,0.40648213,0.010351425,0.55672204,0.0011696424,0.00749374,0.0039318497
136,0.20115519,0.0809099,0.17473282,0.15504533,0.1605321,0.010723121,0.21690154
137,0.20767012,0.09392285,0.22269347,0.03464298,0.24281839,0.018307658,0.17994455
138,0.16793746,0.024077987,0.12890074,0.00848658,0.31571162,0.034003362,0.3208822
139,0.07363967,0.140706,0.04197322,0.26727843,0.032015517,0.20026354,0.24412358
140,0.12203201,0.13997777,0.14326756,0.03593753,0.104139715,0.061778765,0.39286673
141,0.08367276,0.35486302,0.12364565,0.098311394,0.19051562,0.07281153,0.07618004
142,0.17661893,0.063913286,0.22820209,0.016816039,0.40784833,0.03260742,0.07399394
143,0.038898516,0.24614973,0.023538988,0.66735667,0.004952161,0.0009883742,0.018115548
144,0.08260235,0.013162294,0.03781645,0.0044666734,0.07372889,0.017586213,0.77063715
145,0.023978347,0.10604963,0.040086597,0.016022965,0.06834097,0.3999319,0.34558952
146,0.00048248318,0.0011324518,0.00011375814,0.0028682349,1.0373381e-05,0.9951303,0.00026239574
147,0.014388905,0.5744849,0.014123738,0.17601094,0.009863551,0.032691725,0.17843631
148,0.021864366,0.13371179,0.025859207,0.66485673,0.010221552,0.06621529,0.07727109
149,0.2753546,0.10170249,0.27244535,0.074163415,0.13537376,0.038377304,0.10258308
150,0.0049542845,0.7183251,0.017914904,0.18221992,0.019355945,0.018893443,0.038336482
151,0.08708868,0.100374155,0.16548738,0.014926528,0.3453445,0.23207776,0.054701038
152,0.004920262,0.0981185,0.03148494,0.01575265,0.003941248,0.84375685,0.0020255968
153,0.033229128,0.29815537,0.015725179,0.6324957,0.0029213142,0.006075025,0.011398187
154,0.029322907,0.13069479,0.028059874,0.44970658,0.009403681,0.052122716,0.30068943
155,0.14777933,0.068579555,0.15123564,0.00546432,0.17244898,0.35510993,0.09938224
156,0.15276179,0.11330455,0.29844347,0.031118842,0.28826812,0.061947174,0.054156084
157,0.19494767,0.10506022,0.11806423,0.05148939,0.291034,0.022013735,0.21739075
158,0.010474748,0.36014023,0.008083254,0.53890294,0.005335528,0.025905715,0.051157657
159,0.0027478042,0.02530491,0.0026993458,0.05211337,0.0013082194,0.9139471,0.0018792175
160,0.009637935,0.37240404,0.037588585,0.027729835,0.030836215,0.3921316,0.12967177
161,0.099226646,0.086791135,0.37547246,0.030986361,0.2497725,0.09684166,0.06090912
162,0.08069125,0.07253613,0.11683013,0.045774996,0.31474894,0.14471754,0.22470102
163,0.020234965,0.22575535,0.004273376,0.71943045,0.0018230974,0.0036702338,0.024812557
164,0.080540635,0.25664023,0.10077393,0.09699809,0.11255217,0.12018992,0.23230506
165,0.2474285,0.013749087,0.19026095,0.010521048,0.37194616,0.06773263,0.0983616
166,0.042077836,0.15890625,0.04462495,0.2549604,0.038382493,0.31164008,0.14940803
167,0.67817533,0.02624519,0.08737419,0.00993671,0.12843968,0.0036142902,0.06621456
168,0.059207294,0.002168655,0.02972841,0.0010113836,0.064681426,0.005701251,0.8375015
169,0.1335084,0.08162495,0.12477587,0.015291336,0.38168782,0.093635835,0.16947578
170,0.033575397,0.028542034,0.14142786,0.033678446,0.058887284,0.01730998,0.686579
171,0.12557049,0.14017054,0.4381233,0.07171949,0.09311494,0.011533577,0.11976767
172,0.32267326,0.0155456625,0.15237696,0.006855241,0.280595,0.04699043,0.17496347
173,0.08984805,0.2938382,0.20026787,0.059605025,0.09057613,0.036760602,0.22910416
174,0.07415035,0.080412425,0.118577644,0.058560863,0.0695145,0.13014925,0.46863496
175,0.16883923,0.021260647,0.20348549,0.005120838,0.36888063,0.06015008,0.172263
176,0.057057332,0.23853831,0.35883066,0.123991385,0.16262916,0.015067197,0.043885928
177,0.13172022,0.11796025,0.3159131,0.037131842,0.3344978,0.008455305,0.05432151
178,0.01068425,0.21088386,0.008341858,0.74074405,0.002091314,0.021213396,0.0060411887
179,0.20987372,0.04594337,0.32834435,0.055042155,0.16614617,0.030427154,0.16422305
180,0.003611996,0.058786266,0.020378275,0.015609822,0.013939371,0.8705837,0.017090533
181,0.03463636,0.24721426,0.04883748,0.2713255,0.116617665,0.03250205,0.24886675
182,0.052338142,0.0094292825,0.02222877,0.0036884965,0.058861535,0.015812216,0.83764154
183,0.20853473,0.0597308,0.5286232,0.04501622,0.11208954,0.021400232,0.024605215
184,0.26706594,0.30257913,0.12593585,0.17333634,0.004695812,0.11670377,0.009683113
185,0.1116054,0.00405663,0.16185044,0.002557632,0.38081613,0.01274631,0.3263675
186,0.08113351,0.07602582,0.10545406,0.10729484,0.18191445,0.20218563,0.24599172
187,0.08688823,0.089302815,0.19439498,0.14177981,0.13297689,0.3105598,0.04409751
188,0.094054244,0.5929937,0.14133662,0.13183783,0.018420083,0.004634529,0.016723042
189,0.052696094,0.052249916,0.07176589,0.045551278,0.13530333,0.3848897,0.2575437
190,0.013480439,0.21772218,0.002760065,0.7349673,0.00033850205,0.028820036,0.0019114454
191,0.013381148,0.11191614,0.016456187,0.7612919,0.007453478,0.03281734,0.05668384
192,0.19849081,0.10751031,0.14712979,0.03303671,0.10767221,0.3459457,0.060214512
193,0.054884426,0.15214345,0.17207392,0.16969728,0.045448054,0.29745966,0.108293205
194,0.08667606,0.20858224,0.099828765,0.06273333,0.2515023,0.09087736,0.19979994
195,0.22796606,0.047057867,0.28308547,0.017698882,0.35113522,0.031197993,0.041858457
196,0.0066346223,0.016576458,0.0008511328,0.9726563,0.00013296294,0.0023638566,0.00078459847
197,0.06816637,0.27943474,0.21583724,0.058627598,0.3344686,0.019498926,0.023966603
198,0.2960068,0.09435525,0.22066867,0.0546355,0.21621074,0.00086914643,0.11725392
199,0.29247084,0.07504677,0.13172697,0.17008036,0.15494944,0.013911157,0.16181444
200,0.09635526,0.44072634,0.049823903,0.34322876,0.016265638,0.015813746,0.037786424
201,0.17549239,0.0056059314,0.04947705,0.0008029915,0.049787924,0.008757518,0.7100762
202,0.14694564,0.12207284,0.11756992,0.40413752,0.07582131,0.019047977,0.11440478
203,0.021495001,0.23748921,0.036468394,0.2816252,0.044208534,0.29399925,0.08471446
204,0.03761456,0.12844443,0.18892792,0.035997923,0.09486105,0.40484306,0.10931101
205,0.06365294,0.6878085,0.035035346,0.15051788,0.0124085015,0.01948352,0.031093316
206,0.07779065,0.36742097,0.07790222,0.4249989,0.016583284,0.01045374,0.024850147
207,0.13848549,0.20657894,0.15160765,0.013376915,0.26766527,0.16569111,0.05659458
208,0.07716442,0.018991,0.38836795,0.027279986,0.098844424,0.27247941,0.11687284
209,0.23195048,0.015500203,0.3347421,0.005657298,0.30348802,0.0119633945,0.096698485
210,0.039970376,0.10519636,0.114410415,0.65449315,0.031365935,0.03497275,0.019591039
211,0.21934518,0.08396884,0.24389407,0.032221563,0.16759105,0.08181341,0.17116593
212,0.13655593,0.040428337,0.49422947,0.1447043,0.12533568,0.024226865,0.034519512
213,0.0433753,0.008449485,0.099330224,0.0024546254,0.058528118,0.008607245,0.779255
214,0.038112488,0.21670485,0.047907077,0.6224484,0.016428947,0.041355457,0.017042799
215,0.079753906,0.26074967,0.4355368,0.051030688,0.066504024,0.07092718,0.035497736
216,0.07964997,0.027135447,0.09509806,0.013993558,0.52293324,0.06312856,0.19806112
217,0.018593546,0.25670505,0.00807114,0.6086199,0.0035177958,0.08433063,0.020161884
218,0.0150512075,0.027425474,0.022872506,0.036602642,0.014800116,0.87192124,0.0113267265
219,0.04355081,0.043275096,0.032084435,0.10052941,0.0023988956,0.7756129,0.0025484948
220,0.43488774,0.10838504,0.19839157,0.027257737,0.092816815,0.091872536,0.046388514
221,0.042594902,0.04809796,0.13035233,0.14369139,0.040717207,0.57761693,0.016929269
222,0.017763503,0.1080374,0.03539515,0.067210674,0.057715308,0.46429318,0.24958478
223,0.3626987,0.031431235,0.30437225,0.008679626,0.26054782,0.0038999417,0.028370406
224,0.19918725,0.13449252,0.21893278,0.25985226,0.109074146,0.00979044,0.06867063
225,0.0008140705,0.0017524225,0.00068111485,0.0058960645,0.0003537235,0.98752326,0.0029793337
226,0.1621574,0.024197832,0.06342655,0.010211144,0.12236883,0.09632682,0.5213114
227,0.055394758,0.5453459,0.16208777,0.06909125,0.068234354,0.061435066,0.038410854
228,0.115107894,0.106122285,0.40966746,0.061302744,0.16942929,0.004828266,0.13354206
229,0.60667706,0.13029416,0.07581073,0.091865,0.04123725,0.008920599,0.045195173
230,0.013600515,0.3242527,0.022376515,0.4876631,0.05145319,0.021473892,0.07918011
231,0.009289232,0.06402099,0.00740575,0.02968598,0.025001708,0.8094189,0.055177506
232,0.022504328,0.49612144,0.08353136,0.2962468,0.028084967,0.009531546,0.06397949
233,0.12350558,0.009257025,0.36550286,0.006856235,0.35651138,0.013915006,0.12445188
234,0.040934693,0.019742502,0.06847438,0.002631377,0.037629087,0.24501742,0.5855706
235,0.097314335,0.008611052,0.087663524,0.006018207,0.4024188,0.019726327,0.37824774
236,0.04012306,0.14413267,0.041957535,0.5951473,0.027002383,0.050014384,0.10162267
237,0.025650322,0.080866456,0.170718,0.08984988,0.10137027,0.015275115,0.51627
238,0.015396349,0.04365557,0.021446323,0.7426017,0.008971228,0.020324314,0.14760454
239,0.1004145,0.011268728,0.04136642,0.0034803182,0.13154243,0.025693556,0.686234
240,0.07447976,0.039719403,0.19209264,0.03406016,0.138101,0.039166793,0.48238024
241,0.07848101,0.03815387,0.48487523,0.009578302,0.363746,0.0072073666,0.017958146
242,0.0032007163,0.005742085,0.00032454153,0.98981756,6.425563e-05,0.00069591467,0.00015485602
243,0.24101594,0.072067276,0.21616319,0.04776926,0.35535887,0.013409531,0.05421589
244,0.29106796,0.09353872,0.11188654,0.042608764,0.2279273,0.002309565,0.2306612
245,0.008583877,0.028798122,0.009623598,0.1972724,0.0077464418,0.72390944,0.024066143
246,0.00065139815,0.0051468783,0.002647085,0.005958339,0.0008067663,0.9795618,0.0052276384
247,0.081720375,0.49953878,0.07467144,0.31058177,0.011654674,0.0008114607,0.02102144
248,0.11064313,0.05397255,0.2833106,0.034764316,0.43332466,0.046100788,0.037883982
249,0.00975074,0.68027943,0.0028547884,0.28732616,0.0008778757,0.006530034,0.012380865
250,0.0013973509,0.03429665,0.003217489,0.88752365,0.00067085563,0.017098581,0.055795353
251,0.014255047,0.34161693,0.014270431,0.5805854,0.013388473,0.009959645,0.025924034
252,0.16714728,0.09032837,0.1583922,0.0077021574,0.14483276,0.19177806,0.23981914
253,0.053215355,0.06081047,0.32310036,0.06522838,0.30261368,0.17134029,0.023691574
254,0.07107214,0.24231224,0.027446182,0.31245947,0.02018165,0.13104793,0.1954803
255,0.115188,0.12929034,0.18352152,0.01788786,0.35688043,0.042138852,0.15509295
256,0.21848059,0.11943783,0.14534537,0.07998626,0.14193454,0.061843194,0.23297219
257,0.13267039,0.102014594,0.124712355,0.003948873,0.4406166,0.015639475,0.18039764
258,0.10484527,0.3855964,0.05076321,0.10663331,0.12126002,0.09653436,0.13436748
259,0.106654465,0.1537152,0.22145367,0.19040957,0.152037,0.108384624,0.0673456
260,0.067395486,0.0013039374,0.035182763,0.000657,0.100176334,0.0064462195,0.7888382
261,0.01950737,0.07454713,0.20413329,0.054129362,0.26524532,0.20729868,0.17513883
262,0.044094503,0.052888874,0.087923534,0.08986483,0.096598096,0.06866529,0.5599649
263,0.017220188,0.40261233,0.027734306,0.15101089,0.025461575,0.23634695,0.13961375
264,0.06305238,0.035084233,0.19251779,0.020301864,0.23585132,0.32193613,0.13125627
265,0.017825702,0.13908173,0.03544544,0.71964526,0.010599694,0.04004094,0.03736131
266,0.077462345,0.010204132,0.03479393,0.016846465,0.076983266,0.0063984543,0.77731144
267,0.23413463,0.047028415,0.1863173,0.34512427,0.0036775428,0.17868888,0.0050289566
268,0.22541562,0.14345889,0.1161048,0.25119576,0.0544736,0.11062674,0.098724596
269,0.02981252,0.0285452,0.1784669,0.014626304,0.477968,0.014195493,0.2563856
270,0.17532682,0.03874451,0.12494545,0.03410571,0.16282406,0.021790203,0.44226322
271,0.10974821,0.053628527,0.50298184,0.016201152,0.29447466,0.0006640858,0.022301586
272,0.11013135,0.058580276,0.21622291,0.020456063,0.29801264,0.108342364,0.18825443
273,0.0066536604,0.15264143,0.011229823,0.81072515,0.0061220205,0.0056256107,0.0070022936
274,0.047720153,0.3138025,0.025960881,0.5898328,0.0038003009,0.011754378,0.0071289698
275,0.0055298004,0.48556733,0.0027450542,0.4850905,0.0008085552,0.007867369,0.012391475
276,0.22062783,0.01826858,0.121648714,0.035843626,0.298908,0.00024465326,0.30445862
277,0.022284023,0.28420213,0.016324071,0.050779633,0.015731536,0.5224727,0.08820596
278,0.0107264,0.026511915,0.015032768,0.014448964,0.010742959,0.76296157,0.15957546
279,0.033108342,0.5850037,0.049235065,0.30559087,0.007321844,0.0040373434,0.015702879
280,0.04772562,0.41857103,0.023747452,0.17058589,0.02567351,0.25295445,0.060742095
281,0.12090808,0.07891461,0.4493205,0.026789013,0.27629936,0.009605308,0.03816314
282,0.12775438,0.03430635,0.34071523,0.012157105,0.22831143,0.0077709923,0.24898449
283,0.014616719,0.2809855,0.021085376,0.06632872,0.008972473,0.53673494,0.071276255
284,0.22336894,0.05113773,0.21936506,0.006624946,0.23636395,0.009730965,0.2534084
285,0.038070068,0.16984643,0.0127914,0.75513506,0.0035623612,0.0036830008,0.016911699
286,0.083853655,0.09142584,0.5327468,0.03166051,0.19391963,0.0061129243,0.060280617
287,0.06956953,0.023101041,0.14293511,0.0020556469,0.5195078,0.03864205,0.20418878
288,0.07503545,0.30332282,0.19100127,0.262782,0.09889145,0.020784851,0.04818218
289,0.1664495,0.1483016,0.17817439,0.05327363,0.20447718,0.19574225,0.05358145
290,0.09351994,0.014016784,0.043595098,0.004264733,0.089170426,0.09730278,0.6581303
291,0.077256136,0.1708021,0.19379354,0.084384926,0.21679741,0.12382622,0.13313963
292,0.03790288,0.113300495,0.12332382,0.051282916,0.32176256,0.16848375,0.18394354
293,0.017030062,0.35690016,0.02836937,0.18152991,0.03227049,0.35520098,0.02869902
294,0.16240485,0.23499544,0.21421272,0.0367443,0.13449416,0.0046348623,0.21251364
295,0.095264934,0.33544677,0.18921526,0.062105253,0.15060295,0.019850776,0.14751409
296,0.18926102,0.026451712,0.28690866,0.008376519,0.18920664,0.12362754,0.17616794
297,0.42034152,0.03462847,0.19164933,0.009831228,0.1841943,0.020323277,0.13903187
298,0.024401464,0.01766165,0.12166082,0.050888404,0.20480709,0.0050634206,0.5755172
299,0.1413943,0.09722105,0.08646704,0.02388468,0.17383464,0.3469538,0.1302445
300,0.13943534,0.3775675,0.0838388,0.20007631,0.008854556,0.15954354,0.030683918
301,0.02972866,0.6807912,0.066072404,0.17795435,0.01817385,0.007941695,0.019337934
302,0.06341444,0.10807521,0.29414883,0.02678567,0.26342246,0.123246536,0.12090686
303,0.2656959,0.035088204,0.30294317,0.0055931644,0.27772376,0.004208818,0.10874702
304,0.0008954518,0.001690418,0.0034232058,0.0012274267,0.0049783136,0.94609106,0.041694097
305,0.11577136,0.1530445,0.34249327,0.032014165,0.24305233,0.06856814,0.04505628
306,0.01839034,0.05628785,0.046954397,0.024223542,0.028799929,0.80362684,0.021717146
307,0.018324137,0.124557465,0.012153111,0.66519076,0.014652022,0.07208822,0.09303431
308,0.070978336,0.02204532,0.45517483,0.007984461,0.34750417,0.036310706,0.06000214
309,0.065403245,0.008687345,0.58825654,0.004732504,0.31963143,0.009891957,0.003397001
310,0.01544594,0.855307,0.026782475,0.039180256,0.016516158,0.0022116727,0.044556536
311,0.005406008,0.3618951,0.017833274,0.5783341,0.00832066,0.0058379793,0.022372823
312,0.3873368,0.019750293,0.085467115,0.043158844,0.21042077,0.0008331659,0.253033
313,0.00043176732,0.0041241804,0.001913574,0.0013831062,0.0010868444,0.9781044,0.012956158
314,0.19388708,0.054526918,0.5561577,0.013746124,0.14471869,0.0059302696,0.031033212
315,0.008199687,0.20868881,0.010847416,0.7478777,0.0026965484,0.017279366,0.004410442
316,0.023538861,0.017827848,0.022151846,0.700231,0.008575756,0.20929238,0.018382203
317,0.0915102,0.2032513,0.104770936,0.073786445,0.12386647,0.116302386,0.2865123
318,0.09984275,0.0064635365,0.41051593,0.0018267528,0.4266547,0.0027357088,0.051960662
319,0.027513303,0.21395245,0.09729224,0.18482877,0.062290996,0.33309066,0.08103158
320,0.14726289,0.15983647,0.18704496,0.17123318,0.17612538,0.005948446,0.1525487
321,0.046104185,0.022414446,0.09264223,0.018474452,0.13467368,0.6514783,0.0342127
322,0.059081085,0.1068447,0.4293501,0.049986564,0.283948,0.01129371,0.05949579
323,0.11119965,0.03305178,0.23985294,0.017228087,0.3700795,0.042778254,0.1858098
324,0.051404674,0.042493336,0.12404483,0.059869558,0.54080766,0.01598854,0.16539143
325,0.18682316,0.17481963,0.3471761,0.063933395,0.19316798,0.011085473,0.022994203
326,0.021239718,0.19741876,0.038838845,0.08731977,0.10440374,0.27413216,0.276647
327,0.037670523,0.08533341,0.19530576,0.038487796,0.4786147,0.01029001,0.15429783
328,0.018506812,0.6115187,0.040649273,0.10544698,0.0032380908,0.21111971,0.009520523
329,0.027085654,0.02083258,0.021360194,0.0032570423,0.015187617,0.8500284,0.062248476
330,0.11775071,0.062864505,0.22410543,0.010426928,0.14727549,0.33876723,0.098809704
331,0.14019738,0.0117394375,0.38191742,0.030270502,0.23786838,0.1076364,0.09037054
332,0.010914313,0.36706215,0.004002695,0.31361777,0.014499402,0.0025295278,0.28737414
333,0.12549172,0.04293222,0.23001657,0.02494127,0.193732,0.0053712297,0.377515
334,0.038636938,0.3013144,0.017820902,0.21563433,0.019674616,0.30068067,0.10623819
335,0.17632571,0.010032259,0.39018968,0.004138767,0.34182608,0.024371572,0.0531159
336,0.023090389,0.12273624,0.043647964,0.0266048,0.08850636,0.41704684,0.27836743
337,0.15790777,0.08287084,0.24214767,0.04083971,0.03174459,0.4351882,0.009301233
338,0.085182995,0.16012563,0.077567525,0.06629076,0.0404102,0.40331486,0.16710803
339,0.05248749,0.2444985,0.19739373,0.21686666,0.069791116,0.08952033,0.12944224
340,0.07347801,0.06660849,0.09119015,0.025893848,0.09250668,0.041323327,0.60899955
341,0.09233366,0.06906828,0.5052172,0.037710194,0.15913863,0.1147333,0.02179872
342,0.029671606,0.46546316,0.045060538,0.38931468,0.02415447,0.016503211,0.029832272
343,0.4682308,0.22319975,0.05691017,0.24801165,0.0015231638,0.0007907041,0.0013338539
344,0.19990288,0.08846833,0.37673408,0.04842958,0.14891462,0.013749677,0.12380082
345,0.034727737,0.30374634,0.022294234,0.17932256,0.009715806,0.41890505,0.031288262
346,0.015676897,0.034713645,0.037038058,0.025366707,0.073940985,0.67306453,0.1401992
347,0.07533319,0.05830596,0.08457664,0.023015276,0.29131702,0.14933102,0.31812093
348,0.21412532,0.011460224,0.33010924,0.0016611086,0.332048,0.010794119,0.099801935
349,0.2660515,0.08102895,0.20397194,0.05981436,0.1490939,0.0076718177,0.23236755
350,0.16987965,0.17368317,0.20752415,0.06499753,0.28390935,0.015707834,0.084298305
351,0.20323321,0.014568912,0.16276196,0.0040628524,0.28320956,0.008570415,0.3235931
352,0.16619919,0.08892718,0.052836876,0.002286993,0.5136772,0.10629463,0.06977792
353,0.0707474,0.05559667,0.12318342,0.004674149,0.110448405,0.42664513,0.20870487
354,0.15060775,0.04763542,0.070579104,0.034804095,0.082977824,0.56736803,0.04602782
355,0.016332574,0.47518855,0.014157639,0.442869,0.0086540375,0.01344521,0.029352926
356,0.120173275,0.0424501,0.3227643,0.007981886,0.20158613,0.04386925,0.2611751
357,0.021716813,0.030306743,0.014877308,0.15410915,0.007718157,0.7427869,0.028484965
358,0.24626629,0.020564195,0.11983412,0.0056428458,0.11340719,0.0044065467,0.4898788
359,0.06838418,0.3004947,0.097929016,0.45040503,0.037607484,0.013247748,0.03193192
360,0.122063264,0.057840154,0.20333272,0.025060685,0.24647157,0.09022984,0.25500175
361,0.06555045,0.11291952,0.27743414,0.29039565,0.10515012,0.03795017,0.11059991
362,0.18461376,0.08826493,0.40969774,0.027341347,0.2309672,0.00889252,0.05022256
363,0.2540256,0.04392723,0.08478233,0.021233922,0.097060695,0.008207275,0.490763
364,0.008114826,0.031933583,0.026341856,0.09514144,0.018224468,0.8100209,0.010222952
365,0.065005705,0.17600363,0.09049387,0.31853595,0.059249256,0.043154128,0.24755746
366,0.0617636,0.6584369,0.11053834,0.06578464,0.038547095,0.012381569,0.052547853
367,0.00363815,0.1421151,0.014846162,0.8118832,0.0073804464,0.0049411426,0.0151957255
368,0.009736271,0.2573803,0.034552053,0.01651982,0.031105865,0.59702635,0.053679284
369,0.060771555,0.35381916,0.2066762,0.18866636,0.078743316,0.036830492,0.074492946
370,0.033863157,0.04911404,0.051745065,0.011524275,0.10545369,0.43520078,0.313099
371,0.41367528,0.13034442,0.09647541,0.009790162,0.043462094,0.16370332,0.1425493
372,0.2540023,0.3783309,0.24165356,0.052601516,0.038022805,0.014326648,0.021062335
373,0.16051094,0.086476505,0.36494514,0.021529803,0.276733,0.027486188,0.06231834
374,0.17040001,0.023274466,0.14340004,0.0067544268,0.18446344,0.012093568,0.4596141
375,0.08231042,0.059457954,0.104161076,0.037568808,0.47051585,0.03539465,0.21059126
376,0.055945355,0.03289628,0.241719,0.008618333,0.22600704,0.34835052,0.0864635
377,0.027096342,0.04270776,0.06479602,0.013016125,0.2624241,0.06647358,0.523486
378,0.40447813,0.07288521,0.14857756,0.06372704,0.11549824,0.03678457,0.15804918
379,0.08268613,0.088029265,0.07747581,0.14836107,0.18849653,0.050637357,0.36431387
380,0.02814855,0.02270586,0.044271886,0.022392651,0.0777658,0.21592194,0.58879334
381,0.17595978,0.027492676,0.13089216,0.013178556,0.19314131,0.0069839363,0.45235154
382,0.10886996,0.034660734,0.26071247,0.025131103,0.13491514,0.0017970095,0.43391356
383,0.22592252,0.041076135,0.18155318,0.0413627,0.45262071,0.030414728,0.027050106
384,0.13801883,0.06673033,0.3106693,0.010872018,0.31282094,0.12152177,0.039366867
385,0.040528953,0.13518812,0.10053417,0.11315103,0.10803319,0.01926106,0.4833035
386,0.13832201,0.17594798,0.034228895,0.2266229,0.007902383,0.39260682,0.024368983
387,0.068024084,0.2183987,0.05308501,0.53174293,0.044587106,0.0047618737,0.07940027
388,0.010287699,0.038556863,0.6058651,0.018911516,0.22171764,0.0040907166,0.10057035
389,0.030310689,0.331143,0.01839677,0.08284425,0.024161316,0.48066744,0.03247649
390,0.16515838,0.12902555,0.15673594,0.023113193,0.40327257,0.016976157,0.10571835
391,0.12282405,0.11555466,0.17088287,0.05429054,0.38086557,0.07322136,0.08236096
392,0.122068495,0.3248849,0.21099658,0.13235798,0.104089975,0.048298825,0.057303224
393,0.034318946,0.18132463,0.030070826,0.45167518,0.028353082,0.19643827,0.077819034
394,0.17386761,0.009418307,0.24536195,0.008863914,0.311387,0.0051557487,0.24594544
395,0.0012570614,0.25839043,0.0016951599,0.027415927,0.00034510033,0.7056199,0.0052764304
396,0.033724148,0.056784473,0.028107785,0.016892618,0.067107886,0.724198,0.073185146
397,0.17186084,0.077105135,0.121362634,0.13664751,0.23111609,0.00241655,0.25949126
398,0.09564837,0.10276941,0.3549884,0.018497532,0.12406031,0.28511283,0.0189231
399,0.08659202,0.09336902,0.20154771,0.0042891474,0.21037552,0.14533632,0.25849026
400,0.00078777794,0.00405283,0.00050629553,0.032626323,0.0005614554,0.95616645,0.005298837
401,0.0089599965,0.100827955,0.0022413954,0.23620386,0.0014809952,0.4498382,0.20044762
402,0.05102003,0.09444432,0.11564431,0.09711689,0.14421435,0.10621686,0.3913433
403,0.027168049,0.17128612,0.016817246,0.59128326,0.014331787,0.1061415,0.07297201
404,0.13234471,0.0016327027,0.04580874,0.0007000983,0.056594502,0.018327264,0.74459195
405,0.0053653405,0.11164865,0.00069003296,0.853944,0.00019383297,0.022821357,0.0053367806
406,0.0032883068,0.04339427,0.013763138,0.0029357118,0.023881312,0.8963018,0.016435383
407,0.0422817,0.046911802,0.11756269,0.015101053,0.20983148,0.5138083,0.05450296
408,0.10116698,0.046553504,0.15780315,0.013626294,0.2884569,0.035251133,0.35714206
409,0.16019693,0.11961669,0.21703719,0.019545391,0.14825167,0.022020707,0.3133314
410,0.018905414,0.23709516,0.017859664,0.604558,0.0043602334,0.103071235,0.0141502945
411,0.14008763,0.01806146,0.10289269,0.004080711,0.26541504,0.00814128,0.46132118
412,0.08751079,0.118418254,0.0884838,0.41379553,0.045490593,0.17433901,0.071962096
413,0.06759468,0.1969265,0.05397001,0.37842834,0.07937473,0.03301311,0.19069265
414,0.25621608,0.20470227,0.08274445,0.051768836,0.19307798,0.09415589,0.1173345
415,0.17633891,0.014648032,0.13548872,0.01291401,0.36658767,0.032038752,0.26198384
416,0.038538504,0.14740106,0.051031586,0.19483286,0.01982392,0.1644662,0.38390586
417,0.0047157747,0.24484119,0.004766153,0.14695157,0.0076333797,0.5682249,0.022867
418,0.010734249,0.014556345,0.06153485,0.016962893,0.03210523,0.86146325,0.002643141
419,0.04998134,0.50990796,0.18265657,0.18934149,0.038369004,0.010751652,0.018991947
420,0.036857873,0.47444645,0.22008406,0.14063758,0.08182399,0.004428594,0.041721486
421,0.071758226,0.55974287,0.028585097,0.10349897,0.11291928,0.07680333,0.04669225
422,0.0043797567,0.03272446,0.0037677668,0.026631398,0.0019820577,0.9288057,0.0017088914
423,0.0013852206,0.043723874,0.00245023,0.10349288,0.0020925782,0.8308233,0.016031938
424,0.017541664,0.7850423,0.038939185,0.13341503,0.004504298,0.010362844,0.010194597
425,0.021097489,0.08111093,0.018628214,0.6359302,0.0058577983,0.22514133,0.012234044
426,0.11440103,0.09529317,0.28870398,0.18999426,0.17243141,0.077239454,0.06193672
427,0.105544016,0.38043174,0.026174739,0.20692547,0.04258405,0.078965604,0.15937442
428,0.23913085,0.07688028,0.22504252,0.054676045,0.33036602,0.008252708,0.065651484
429,0.14500143,0.13753805,0.18907426,0.057536576,0.34240767,0.019689018,0.1087529
430,0.039074857,0.5356593,0.14898166,0.07086968,0.10866066,0.06047993,0.03627393
431,0.08169741,0.08967472,0.015375589,0.6655546,0.012788052,0.028173074,0.10673655
432,0.036385156,0.2176,0.0057855505,0.7295377,0.0004472006,0.0046036644,0.00564073
433,0.01556819,0.25910845,0.010359089,0.70434684,0.0018737218,0.0021841214,0.0065595573
434,0.06362072,0.028736303,0.15900865,0.007838507,0.22663447,0.13198139,0.38217998
435,0.025288364,0.053189173,0.119749345,0.0014997267,0.10079175,0.61300117,0.08648057
436,0.091572806,0.093529925,0.12591764,0.05485121,0.11111906,0.21607636,0.306933
437,0.039376836,0.19525091,0.03848206,0.45445502,0.037470546,0.084140904,0.15082374
438,0.014579532,0.6620285,0.014614267,0.0849325,0.0121265305,0.09686908,0.114849605
439,0.029871406,0.06078873,0.15038505,0.12399155,0.060974438,0.038645357,0.53534347
440,0.0493278,0.2191075,0.12710458,0.11552033,0.07486019,0.3593409,0.054738726
441,0.18012898,0.0736321,0.10726766,0.035339937,0.14147155,0.050383255,0.41177654
442,0.0017607783,0.29322782,0.008207805,0.38227326,0.0076129544,0.20196924,0.10494819
443,0.03199713,0.058561996,0.01211104,0.6344402,0.0007500318,0.2598289,0.0023106737
444,0.0992054,0.30754837,0.025674993,0.501415,0.0027505844,0.055589426,0.00781621
445,0.051942497,0.028627902,0.042216018,0.06052268,0.06664054,0.34515065,0.4048997
446,0.009417165,0.07352839,0.041620888,0.015462882,0.03772007,0.73532933,0.08692132
447,0.033037733,0.24912821,0.09901303,0.34486347,0.08473572,0.088840894,0.10038098
448,0.21026376,0.24280192,0.2767189,0.0356753,0.1866003,0.006531869,0.041407984
449,0.03673476,0.37760234,0.110706925,0.17931707,0.0977799,0.16033007,0.037528917
450,0.062375017,0.16442154,0.20028557,0.020245438,0.38984653,0.12352157,0.039304327
451,0.112052456,0.2922735,0.18411973,0.10410768,0.07816361,0.010976573,0.21830644
452,0.056206316,0.2570966,0.16654247,0.17581679,0.27410915,0.0068705096,0.06335816
453,0.1681367,0.012035739,0.13626777,0.0028646006,0.4838668,0.027696103,0.16913226
454,0.08251398,0.19177762,0.09967741,0.04192825,0.1262239,0.41946357,0.038415276
455,0.14403646,0.01558752,0.22094946,0.008522066,0.5469087,0.030329999,0.03366586
456,0.010737687,0.07639582,0.010071771,0.89576095,0.0014696894,0.0038193846,0.0017447768
457,0.024367308,0.108861744,0.08591634,0.0077181635,0.14568366,0.60397357,0.02347921
458,0.09004565,0.086821936,0.3820573,0.24339464,0.12584175,0.018685402,0.053153176
459,0.053051196,0.0047691236,0.0032115323,0.47315475,0.00016529163,0.4630421,0.002606028
460,0.07165597,0.13774344,0.21526565,0.04061525,0.47214672,0.020376718,0.04219615
461,0.130511,0.1499547,0.06763161,0.10012644,0.14293069,0.14508271,0.2637629
462,0.018534005,0.28088716,0.047989327,0.4564037,0.015334188,0.16727531,0.013576343
463,0.084804736,0.007427382,0.12573591,0.0027180996,0.29882684,0.020163054,0.46032396
464,0.029143596,0.23663007,0.00954254,0.36989984,0.023054246,0.013006633,0.31872308
465,0.119694375,0.0136456955,0.22662483,0.00581658,0.39810398,0.03830495,0.19780965
466,0.006449485,0.10981422,0.0046840254,0.07185285,0.0027546892,0.7774024,0.027042294
467,0.03109304,0.04989989,0.03989018,0.8657319,0.006666833,0.0031012911,0.0036168185
468,0.109155,0.01578258,0.019425802,0.8531038,0.0009397907,0.0012653557,0.00032770084
469,0.09743659,0.09359139,0.047738243,0.51160574,0.030628048,0.055771574,0.16322842
470,0.0043431898,0.07510693,0.008866611,0.023649678,0.008036355,0.8215108,0.05848644
471,0.051464066,0.095261514,0.087570995,0.52719986,0.055960633,0.024669768,0.1578731
472,0.2872481,0.16929945,0.22232145,0.12880765,0.06393628,0.0036864271,0.12470059
473,0.040453605,0.031495087,0.09074168,0.046425894,0.16533412,0.029293777,0.59625584
474,0.14028521,0.15121871,0.11737369,0.049676917,0.18223256,0.047578566,0.3116344
475,0.052960712,0.39937034,0.08053669,0.11497394,0.07925972,0.013781756,0.25911677
476,0.007996686,0.19973612,0.004095783,0.60766,0.002013134,0.12613857,0.05235974
477,0.004862779,0.015422387,0.008336007,0.0016753466,0.0083029615,0.77768004,0.18372051
478,0.014799697,0.67879206,0.01672299,0.15547012,0.015910774,0.030543355,0.087760925
479,0.0016931125,0.0005668097,0.0011619308,0.004763998,3.2274336e-05,0.9917419,3.9992756e-05
480,0.020614766,0.108203776,0.060723998,0.72288245,0.0421855,0.011481338,0.033908084
481,0.01931041,0.055990092,0.041722734,0.012894969,0.023488259,0.74698,0.09961357
482,0.07942348,0.3275479,0.066810526,0.28570062,0.0666861,0.017556125,0.15627527
483,0.030867035,0.1677276,0.14657755,0.4821334,0.08706904,0.035014354,0.050611045
484,0.010822865,0.41513517,0.057729255,0.37740967,0.026808903,0.0015668784,0.11052723
485,0.09357153,0.07494932,0.17377803,0.07919136,0.23930927,0.0524239,0.28677666
486,0.27401558,0.037674733,0.2313587,0.01430224,0.24445805,0.010049724,0.18814096
487,0.048697926,0.11944376,0.19262591,0.12892796,0.14215077,0.10257924,0.26557443
488,0.014301646,0.028182425,0.0011257915,0.93935263,0.0015617969,0.0065743006,0.00890141
489,0.23719513,0.0109925335,0.21130131,0.0040904395,0.26733434,0.026101056,0.24298511
490,0.03852097,0.12516963,0.18812999,0.4053297,0.08100624,0.09143646,0.07040696
491,0.09036877,0.3008894,0.11908213,0.10703349,0.13887179,0.037588146,0.2061663
492,0.0074841445,0.006752571,0.030455671,0.0035864362,0.016714424,0.9319722,0.003034604
493,0.2023171,0.008600192,0.3255252,0.0038389955,0.37300235,0.012075791,0.074640326
494,0.13809825,0.12056709,0.07274755,0.010156921,0.05765741,0.1741472,0.42662552
495,0.04063175,0.16931053,0.049527578,0.529529,0.026787024,0.03690241,0.14731175
496,0.019174071,0.18471621,0.026249124,0.51087487,0.0077770175,0.16190796,0.08930079
497,0.15703659,0.04230862,0.09153769,0.0096531315,0.14643268,0.09082769,0.4622036
498,0.096474946,0.010161616,0.0622402,0.004531624,0.048466224,0.0019451862,0.7761802
499,0.007860216,0.6276631,0.0115881935,0.19749464,0.01033726,0.027276143,0.1177804
500,0.17435415,0.07607848,0.11570633,0.06324871,0.382078,0.010954742,0.17757955
501,0.009534544,0.12212662,0.026027188,0.77911764,0.0006392792,0.06204931,0.0005053287
502,0.023827089,0.52039456,0.057651572,0.23397456,0.044970088,0.01558989,0.10359225
503,0.025198137,0.15755834,0.06358812,0.09523366,0.07358259,0.2689857,0.31585345
504,0.13723536,0.052879263,0.26997787,0.12066589,0.10955715,0.22578749,0.083896995
505,0.1149822,0.0008633241,0.032323148,0.00025864868,0.04303449,0.0012692995,0.8072689
506,0.14463198,0.120051146,0.07610093,0.04256152,0.17491588,0.20874013,0.2329984
507,0.22879426,0.32831493,0.12501848,0.10215304,0.077889144,0.005188206,0.13264191
508,0.10870977,0.018493976,0.12018712,0.017399237,0.4696462,0.020530133,0.24503349
509,0.005246991,0.5467394,0.003711803,0.4272157,0.0012691992,0.0057591265,0.010057797
510,0.11020455,0.09253287,0.3489246,0.057240114,0.23336312,0.0031566767,0.15457809
511,0.113408014,0.03125244,0.24378148,0.00961212,0.2807907,0.010910013,0.31024525
512,0.039334957,0.35032025,0.02511287,0.24809343,0.040851593,0.0913547,0.20493217
513,0.2883364,0.03673936,0.1844295,0.037169855,0.21071911,0.16024671,0.082359016
514,0.15816964,0.0044358606,0.16284563,0.0015685023,0.5841181,0.007890586,0.08097162
515,0.022361273,0.1968816,0.028366093,0.5140013,0.040792093,0.10671664,0.09088096
516,0.075861536,0.0058410964,0.34581423,0.0013893954,0.5395243,0.0018843651,0.029685052
517,0.13797128,0.15239038,0.2113213,0.29983467,0.11723976,0.006022457,0.075220205
518,0.31196165,0.061915215,0.084834866,0.018878497,0.25492525,0.014429396,0.2530552
519,0.33648396,0.34043837,0.02363691,0.018146422,0.051299155,0.11427906,0.11571614
520,0.13931431,0.13831355,0.29161894,0.06864074,0.22653587,0.033951957,0.101624586
521,0.07851921,0.24813272,0.06902169,0.10013276,0.04903617,0.04841393,0.40674347
522,0.016426371,0.15076704,0.026622042,0.60360473,0.019724842,0.013236082,0.16961886
523,0.03916971,0.17505541,0.05800349,0.5263624,0.07126105,0.050695986,0.079451986
524,0.09459691,0.051156934,0.24077958,0.036715154,0.107122205,0.4278502,0.041779056
525,0.14461651,0.07184439,0.1955219,0.017617134,0.46539298,0.056872573,0.048134476
526,0.1330593,0.08415572,0.15550327,0.01404781,0.15391342,0.07243491,0.38688552
527,0.23616658,0.070521615,0.108224116,0.027189963,0.3055873,0.18120487,0.07110555
528,0.28017786,0.23184028,0.054363117,0.12528062,0.032698136,0.07815869,0.19748136
529,0.08860601,0.15614076,0.10079938,0.14318188,0.17259723,0.21675058,0.12192416
530,0.26244843,0.10640107,0.16078082,0.099658445,0.3081827,0.031000298,0.03152824
531,0.15787785,0.41006225,0.17814195,0.17060703,0.033460375,0.016991744,0.03285881
532,0.035139024,0.21674915,0.013619657,0.7277615,0.00079021044,0.004985858,0.0009546094
533,0.10154618,0.41535026,0.10557561,0.06106287,0.06110415,0.07718854,0.17817247
534,0.07068723,0.21307208,0.08445326,0.20869347,0.12915766,0.2213692,0.07256699
535,0.123033926,0.03894091,0.30201235,0.03736662,0.44529486,0.0016939923,0.05165736
536,0.2912476,0.0068333065,0.28653985,0.0016561389,0.20807147,0.0046444195,0.20100725
537,0.1666389,0.03751192,0.26152617,0.044582676,0.34037444,0.017372245,0.13199364
538,0.09213718,0.080449164,0.057965927,0.023125222,0.09778498,0.24555005,0.4029875
539,0.08102654,0.044302583,0.12304028,0.015370176,0.19329272,0.47533008,0.067637555
540,0.04713158,0.057780694,0.080081366,0.04470009,0.47088018,0.09114315,0.20828292
541,0.038021002,0.030259486,0.35484466,0.013484807,0.4681227,0.068335645,0.026931781
542,0.040757984,0.013326019,0.023650795,0.007583742,0.035865907,0.05084428,0.82797134
543,0.093802504,0.3559636,0.21337213,0.12420316,0.11572109,0.019290293,0.07764713
544,0.36039343,0.03618334,0.26779234,0.02739869,0.27183157,0.0034076278,0.032993052
545,0.4605794,0.0432137,0.07176946,0.014533211,0.23556398,0.021167448,0.1531728
546,0.17257223,0.119713664,0.19470868,0.08085654,0.20236352,0.030129286,0.19965608
547,0.16071913,0.075158365,0.46024364,0.027081612,0.19466396,0.015317417,0.066815756
548,0.033288036,0.14621048,0.0063967975,0.011630786,0.0048960615,0.7660106,0.03156729
549,0.14269432,0.04826645,0.15108259,0.0054800343,0.3079646,0.26692957,0.077582456
550,0.010642527,0.06347552,0.13820232,0.26163474,0.08979645,0.012824849,0.42342353
551,0.07637153,0.45726347,0.10707903,0.17001443,0.1450358,0.00883573,0.03539998
552,0.096220106,0.1425774,0.3328987,0.07831335,0.19197175,0.04661015,0.11140855
553,0.022224525,0.46923363,0.016777376,0.46826828,0.0019154409,0.011936974,0.009643864
554,0.0058544762,0.3612134,0.0021670593,0.6239153,0.00060850143,0.0018565387,0.00438478
555,0.123035125,0.045087148,0.07844553,0.02763431,0.06572801,0.112842925,0.54722697
556,0.12383027,0.022239791,0.10701433,0.0034968995,0.08875134,0.092301965,0.5623654
557,0.017415402,0.02114464,0.05316782,0.010680064,0.036434524,0.8379661,0.023191478
558,0.17909056,0.014518207,0.24100131,0.007908215,0.29712084,0.007494042,0.2528668
559,0.065242566,0.1396039,0.05735505,0.047240466,0.103944056,0.19127806,0.39533594
560,0.20351532,0.03580409,0.2534543,0.008077163,0.34765086,0.025462795,0.12603553
561,0.023102535,0.59226656,0.05732859,0.09302822,0.070944086,0.06081281,0.102517314
562,0.15240821,0.065033324,0.0869447,0.056085326,0.41256908,0.043298475,0.18366085
563,0.0013311461,0.028246565,0.00016060124,0.95425177,6.98599e-05,0.014987481,0.00095263915
564,0.43575755,0.13242875,0.0748229,0.0162922,0.04901721,0.18663794,0.10504356
565,0.11225341,0.057423163,0.13886668,0.013751219,0.4748286,0.010086186,0.19279073
566,0.05933752,0.027028332,0.1894085,0.029521495,0.16392739,0.0066825673,0.5240942
567,0.00058510405,0.009519842,4.5258137e-05,0.15453246,3.1038464e-05,0.8133293,0.021957051
568,0.06526637,0.04523573,0.13864125,0.006874732,0.37314716,0.2500661,0.12076871
569,0.16493292,0.20850185,0.20341113,0.032151297,0.15120861,0.021739496,0.21805474
570,0.30922532,0.031471632,0.07444151,0.018338928,0.22197331,0.048109822,0.29643947
571,0.016422512,0.004091682,0.059713814,0.0029240185,0.08820855,0.0083152065,0.8203242
572,0.1135082,0.042311534,0.07388008,0.0066007036,0.12888998,0.51066446,0.12414503
573,0.034635935,0.28135055,0.03456762,0.02704471,0.008868591,0.48851672,0.12501581
574,0.28900626,0.019294726,0.4370619,0.0286619,0.19994497,0.0071367756,0.018893499
575,0.0035427548,0.3516183,0.004610728,0.61146164,0.0017373088,0.012868116,0.014161163
576,0.1544215,0.07966093,0.37672627,0.06733746,0.21236597,0.059250403,0.05023745
577,0.044550784,0.33872908,0.023983104,0.36873138,0.036429696,0.08182223,0.105753735
578,0.045510747,0.28858587,0.17614408,0.12100788,0.15452711,0.025929984,0.18829435
579,0.005620867,0.13417727,0.0068867253,0.7633947,0.0014476534,0.07787549,0.010597306
580,0.0027983168,0.025371233,0.008620845,0.11881413,0.00016313509,0.8440947,0.00013766575
581,0.10557739,0.05259167,0.15420213,0.010688625,0.19639504,0.2946118,0.18593328
582,0.010223747,0.38603854,0.0077126394,0.5526887,0.005124548,0.014207329,0.02400452
583,0.76387703,0.08371226,0.033307526,0.00033474347,0.07349434,0.040021803,0.0052523185
584,0.15494315,0.019939478,0.12508704,0.0010741313,0.4855998,0.021009425,0.192347
585,0.14775126,0.013009757,0.12983035,0.013264093,0.19664896,0.07114625,0.42834938
586,0.013776307,0.07405724,0.05637626,0.007392943,0.029544676,0.6797967,0.1390559
587,0.0087007405,0.5285935,0.023734579,0.15674463,0.018969353,0.03909681,0.2241604
588,0.12312254,0.038853657,0.19440576,0.0025559377,0.39519542,0.031671833,0.21419479
589,0.03626018,0.6689896,0.038017496,0.2459363,0.0051099327,0.001361394,0.004325004
590,0.13100052,0.14642096,0.25015864,0.04060635,0.30623865,0.01926806,0.10630681
591,0.079891354,0.0073760645,0.063976325,0.008416178,0.14321257,0.11006354,0.5870639
592,0.14423846,0.123283915,0.09123561,0.04018089,0.13044533,0.08508457,0.3855312
593,0.022598471,0.17260164,0.094608456,0.24764287,0.17225705,0.12595624,0.16433525
594,0.117644235,0.1429095,0.25045174,0.02223812,0.1805485,0.04235223,0.24385566
595,0.0031493395,0.08372422,0.0043424033,0.86777407,0.0021048805,0.009444789,0.029460264
596,0.60826325,0.14243548,0.044963256,0.07050531,0.05774641,0.013806519,0.062279753
597,0.15396221,0.051302552,0.3557442,0.0088658985,0.36608127,0.007760442,0.0562833
598,0.049222946,0.16198577,0.14296688,0.09737719,0.14173815,0.22969876,0.17701036
599,0.21381721,0.0033691563,0.22075096,0.0009926559,0.29155964,0.008583254,0.2609271
600,0.16035526,0.02076866,0.092679344,0.0071943924,0.18921019,0.04729216,0.4825
601,0.060063336,0.02413935,0.09010792,0.010103505,0.1397325,0.18089505,0.49495837
602,0.3680983,0.03690336,0.16385563,0.01917921,0.14417626,0.00400868,0.2637786
603,0.028926723,0.2858939,0.040817413,0.34098414,0.01848582,0.14416051,0.1407315
604,0.0006536693,0.0032464706,0.00088678394,0.00050666276,0.0019367869,0.9877858,0.004983833
605,0.042710736,0.3573719,0.02749667,0.17767306,0.05679984,0.017072957,0.32087487
606,0.08929851,0.016644992,0.1080058,0.0055723283,0.22928134,0.07665502,0.474542
607,0.12278941,0.1260522,0.13885647,0.07835902,0.321506,0.09195028,0.12048664
608,0.007757998,0.0081945015,0.020587644,0.0062528728,0.014303375,0.93318206,0.009721508
609,0.08991924,0.045219142,0.29304004,0.022534054,0.12769465,0.041875917,0.37971693
610,0.049630176,0.29955265,0.08209216,0.11071638,0.13837749,0.08543063,0.23420052
611,0.051371716,0.24313417,0.06300329,0.47208384,0.14049761,0.012031094,0.017878313
612,0.04154598,0.2609995,0.046327185,0.07783541,0.074661426,0.23258023,0.26605028
613,0.08902655,0.018089209,0.11439907,0.0013821744,0.07114304,0.24986885,0.4560911
614,0.09025363,0.4262534,0.031232964,0.0068099895,0.06062023,0.27626234,0.10856739
615,0.008038119,0.7153235,0.019353945,0.22018346,0.014935059,0.003664622,0.018501317
616,0.43886942,0.032076206,0.08306506,0.0032750801,0.17641279,0.004765436,0.26153597
617,0.0281268,0.21143621,0.06670691,0.18161571,0.0957127,0.2514477,0.164954
618,0.14105506,0.14210685,0.11731464,0.07879672,0.14765348,0.018454134,0.3546191
619,0.12168663,0.009692399,0.11344518,0.0030665707,0.2588666,0.085537754,0.40770486
620,0.08316078,0.22699979,0.019072566,0.63563585,0.0015863618,0.023402644,0.010142032
621,0.042550188,0.04227501,0.06424441,0.0108153755,0.026273217,0.76653856,0.047303226
622,0.12268884,0.031181384,0.25248998,0.07972162,0.17370996,0.001511685,0.33869654
623,0.13379131,0.05690826,0.22597799,0.033455443,0.38864687,0.014253091,0.14696705
624,0.20844662,0.07894603,0.41781214,0.0381472,0.14414003,0.08447342,0.028034491
625,0.19620985,0.032096907,0.25777408,0.005706364,0.2233054,0.0064540007,0.27845338
626,0.03563068,0.059737943,0.1460437,0.06505514,0.3345128,0.11679261,0.24222717
627,0.037488975,0.063335806,0.107641645,0.54247874,0.04966395,0.12765045,0.071740486
628,0.06808593,0.07215173,0.044161033,0.015152133,0.12447563,0.5578278,0.1181458
629,0.22184327,0.030080734,0.15686165,0.0116871055,0.25442645,0.024031382,0.30106938
630,0.040326893,0.32180464,0.031365287,0.589787,0.0062422995,0.0029521834,0.007521738
631,0.75470114,0.024061536,0.02126337,0.04399318,0.013023181,0.015297147,0.12766056
632,0.31740075,0.022186488,0.2385149,0.011115615,0.234217,0.0067663644,0.1697989
633,0.0081277685,0.7589618,0.005799378,0.21868695,0.0010753971,0.00238454,0.004964214
634,0.032163907,0.48435348,0.15770242,0.24388596,0.03871568,0.02292365,0.020254945
635,0.0032432585,0.10051095,0.0076776603,0.023736991,0.0040609995,0.8456952,0.015074881
636,0.08602779,0.09886192,0.247092,0.09529074,0.09726224,0.04416577,0.3312995
637,0.2827721,0.0052514756,0.17884095,0.0013519208,0.14402889,0.0026863958,0.3850682
638,0.010019741,0.55029696,0.016911607,0.1375488,0.01589912,0.014826318,0.25449747
639,0.04253221,0.4117711,0.12400598,0.25137278,0.024432665,0.1282845,0.017600846
640,0.048633672,0.13761646,0.042208668,0.113230385,0.11532273,0.28700325,0.25598475
641,0.007932978,0.60250276,0.021033013,0.07156104,0.017858833,0.008674099,0.27043733
642,0.014014834,0.30484828,0.028020632,0.5908867,0.011248779,0.0135006765,0.037480127
643,0.07458295,0.06113945,0.21825126,0.046391733,0.15642592,0.035066407,0.40814224
644,0.00013159386,0.0010794286,0.00037959038,0.0032077613,0.00015133784,0.99472755,0.0003228174
645,0.0696214,0.13223064,0.17820315,0.04589625,0.4367886,0.06803453,0.069225416
646,0.23519662,0.12204057,0.3381448,0.07029661,0.17135864,0.0035965438,0.05936626
647,0.22028984,0.010862264,0.113126494,0.0051100496,0.27455783,0.07601418,0.3000393
648,0.037502114,0.5797439,0.056341298,0.07479115,0.08341148,0.003957965,0.16425203
649,0.014256397,0.16763781,0.03872695,0.5068217,0.028907869,0.018408928,0.22524033
650,0.101893574,0.056058917,0.27785513,0.02012231,0.38914296,0.057039827,0.09788732
651,0.12700716,0.032004863,0.1565737,0.016851824,0.30156744,0.091933236,0.27406177
652,0.45645204,0.10742278,0.053302187,0.011734011,0.06536142,0.03740487,0.26832277
653,0.13566865,0.14376497,0.18497823,0.22193141,0.13218258,0.024058249,0.15741585
654,0.010877277,0.109170854,0.010993384,0.10196249,0.01872362,0.67019516,0.078077294
655,0.28212732,0.045586675,0.20742694,0.032291412,0.29989013,0.026070353,0.10660715
656,0.013546885,0.08935336,0.019482218,0.7475489,0.0111812195,0.05055289,0.06833452
657,0.12697029,0.045890737,0.04571149,0.046051852,0.06774028,0.07263066,0.5950047
658,0.02090812,0.07078873,0.0064112665,0.7187109,0.0032440282,0.02573227,0.15420474
659,0.04999492,0.054373268,0.10506949,0.060157645,0.35449922,0.030724192,0.3451813
660,0.18105581,0.13051324,0.29416755,0.048391566,0.19736922,0.019146165,0.12935641
661,0.9049263,0.034532096,0.006451477,0.00028315687,0.020895675,0.016363401,0.016547747
662,0.14600734,0.012668311,0.13821055,0.0052507427,0.35557014,0.023405693,0.3188872
663,0.04530646,0.11591274,0.10209774,0.60093796,0.028044121,0.08502225,0.022678759
664,0.02436429,0.0758652,0.01230507,0.01991258,0.01104396,0.8302953,0.026213622
665,0.019568998,0.023404978,0.009868849,0.8742683,0.0041967575,0.03525291,0.033439178
666,0.07034937,0.21352102,0.15944786,0.07921454,0.23685434,0.027162004,0.2134509
667,0.020677237,0.10050052,0.13836512,0.07443851,0.08427208,0.06993601,0.5118105
668,0.036782,0.036678202,0.26149684,0.04215325,0.39940777,0.055667534,0.16781443
669,0.2236265,0.036852375,0.30042198,0.037062384,0.2200155,0.019816412,0.16220489
670,0.0021596106,0.6480671,0.0047114394,0.29432994,0.0040595243,0.018236095,0.028436244
671,0.01339017,0.37145153,0.008766432,0.1457053,0.0091547035,0.37343025,0.07810159
672,0.11834424,0.024690192,0.15654843,0.0037010554,0.383717,0.047702122,0.26529697
673,0.055081885,0.119967565,0.16794461,0.40753382,0.023819141,0.14363198,0.08202096
674,0.012084903,0.053355988,0.0026174758,0.9274468,0.00018638652,0.0034491145,0.00085923186
675,0.28495625,0.058856674,0.09151272,0.10378824,0.09097469,0.05031384,0.31959763
676,0.2440844,0.05049729,0.2863505,0.05476099,0.22085625,0.029706087,0.11374442
677,0.12573706,0.010685131,0.08599784,0.00591195,0.18869913,0.013947546,0.56902134
678,0.059285067,0.09297205,0.12489455,0.13285431,0.098659895,0.43823236,0.05310175
679,0.077509865,0.051295206,0.21279539,0.013758671,0.25178412,0.07197695,0.32087982
680,0.06844136,0.05159435,0.04343857,0.002778485,0.046471067,0.6225245,0.16475171
681,0.03475737,0.3474713,0.022436576,0.47411218,0.010766618,0.07074782,0.039708134
682,0.10566264,0.052093778,0.1483735,0.054516446,0.2751482,0.005101042,0.35910445
683,0.382916,0.012554178,0.13931054,0.0033224784,0.24788697,0.0031430384,0.21086675
684,0.21713036,0.018095156,0.12585133,0.011794642,0.2230429,0.015148871,0.38893676
685,0.25505105,0.058731787,0.16151182,0.014096636,0.44803697,0.008519134,0.05405257
686,0.09544999,0.08818088,0.106300615,0.018045757,0.6513424,0.012902564,0.02777777
687,0.2858494,0.011345995,0.2319907,0.011031625,0.29748344,0.037855994,0.124442905
688,0.11171767,0.014452187,0.17008266,0.013094102,0.2562835,0.048488952,0.38588098
689,0.12286248,0.11574976,0.091297776,0.33449388,0.0058391807,0.32624677,0.0035102125
690,0.001369155,0.0884009,0.0024800128,0.8967902,0.0011666509,0.003364673,0.0064284815
691,0.19387232,0.008267598,0.16948077,0.010181605,0.29188082,0.025050744,0.3012662
692,0.06496978,0.028867919,0.22452255,0.015397398,0.15336345,0.007846474,0.5050324
693,1.9837302e-05,0.00019205797,7.474954e-05,7.319102e-05,2.3121373e-05,0.9994815,0.00013554745
694,0.28514287,0.067165926,0.12953502,0.037924904,0.18781403,0.0023993829,0.2900179
695,0.032477114,0.008700508,0.07703656,0.0074385223,0.09331001,0.08647898,0.6945583
696,0.028527223,0.17839444,0.05624432,0.5028118,0.058576833,0.029808844,0.14563663
697,0.010248267,0.106138304,0.0027008352,0.8702355,0.000784228,0.0062321704,0.0036607003
698,0.03629563,0.18345405,0.04853432,0.07993254,0.12285907,0.27785417,0.25107017
699,0.04138182,0.2973691,0.07663416,0.41584474,0.026238231,0.010395612,0.13213637
700,0.0028932742,0.12669098,0.0023106856,0.7690088,0.0031631107,0.024775593,0.07115748
701,0.12013859,0.032905594,0.14713585,0.020129621,0.46291548,0.029011978,0.18776292
702,0.054719124,0.35090423,0.07725333,0.2244778,0.0115585895,0.24763887,0.033448104
703,0.3360641,0.028742412,0.12266054,0.022588942,0.20600395,0.026650554,0.25728947
704,0.06384728,0.23273781,0.22657812,0.057037123,0.27991816,0.06693613,0.07294538
705,0.049818065,0.3758052,0.037448958,0.3582661,0.011561928,0.011223991,0.15587577
706,0.02321936,0.10681928,0.059795786,0.03467627,0.0737122,0.61095226,0.09082486
707,0.076974764,0.21612905,0.18611833,0.030841477,0.12402958,0.21611512,0.14979163
708,0.046835385,0.31056693,0.051876176,0.2870692,0.044023897,0.07580225,0.18382616
709,0.16938277,0.14576463,0.09251049,0.118466005,0.103570364,0.2172277,0.15307806
710,0.12532812,0.21835425,0.36076656,0.078503594,0.1343368,0.024490746,0.058219817
711,0.022829337,0.03538409,0.11503179,0.030528756,0.13188261,0.014637759,0.6497057
712,0.003897677,0.0073890355,0.0077262716,0.00033139702,0.009919532,0.967452,0.0032840674
713,0.15240824,0.016614115,0.18380344,0.013859042,0.29497504,0.026106391,0.3122337
714,0.06774595,0.04868496,0.031158265,0.0043599796,0.038039334,0.11627641,0.6937351
715,0.13327114,0.0646043,0.06051819,0.023302631,0.27153918,0.02000373,0.4267607
716,0.0471448,0.399489,0.06960767,0.14777426,0.06676182,0.01484724,0.25437516
717,0.10299436,0.047079373,0.11717492,0.012810696,0.19253847,0.12085137,0.40655077
718,0.016001644,0.3271002,0.082132995,0.2020059,0.04502609,0.20313019,0.12460298
719,0.007034721,0.6675551,0.01995487,0.15578781,0.01281985,0.025984345,0.11086343
720,0.016599003,0.0021685082,0.012223331,0.008157888,0.004798921,0.95478225,0.0012701603
721,0.051205542,0.052029386,0.27437964,0.010872541,0.3524404,0.13022068,0.12885182
722,0.12391035,0.2056017,0.30425295,0.05410516,0.13809195,0.009677201,0.1643606
723,0.052755225,0.38114306,0.03412746,0.1746465,0.027608,0.25321478,0.07650497
724,0.023789609,0.21407129,0.010631982,0.7145188,0.0026461058,0.016198013,0.018144216
725,0.04551646,0.08970459,0.37871963,0.013194513,0.35034573,0.053059343,0.069459796
726,0.5380208,0.029196665,0.093396425,0.00817031,0.1757348,0.0012578047,0.15422328
727,0.103773266,0.061159905,0.26362598,0.015078981,0.20121938,0.068715885,0.2864266
728,0.07083722,0.0021604018,0.20874505,0.006010366,0.21246994,0.0023888557,0.49738812
729,0.039403357,0.07837576,0.1835759,0.0125158485,0.47843182,0.08590898,0.1217884
730,0.008530119,0.02349981,0.0069312234,0.0837014,0.0016501968,0.8700386,0.005648605
731,0.06437715,0.10891223,0.30728737,0.19650668,0.1773562,0.0016383985,0.14392197
732,0.18780707,0.0803431,0.47489026,0.04623221,0.18979011,0.0033297993,0.017607445
733,0.057317656,0.35888368,0.17603654,0.11882597,0.23205158,0.005476551,0.051408067
734,0.09285606,0.22465725,0.050897937,0.43360847,0.042867184,0.014950101,0.14016308
735,0.134319,0.21037413,0.1976039,0.1145525,0.25199845,0.0026329882,0.08851902
736,0.40783536,0.032061696,0.1674234,0.037625156,0.20127651,0.00021220934,0.15356572
737,0.28230414,0.026283892,0.14223427,0.0690497,0.31339842,0.0033362517,0.16339336
738,0.2411432,0.011682298,0.13206184,0.0053523122,0.18812539,0.17045256,0.25118244
739,0.054575738,0.31502256,0.09822172,0.19718687,0.18511051,0.07510454,0.07477812
740,0.19316864,0.05117891,0.051824898,0.014110136,0.07235939,0.53376,0.08359804
741,0.079792365,0.018459735,0.077641346,0.027209526,0.11802313,0.05341647,0.62545735
742,0.115038164,0.09870978,0.15527143,0.07465455,0.17321531,0.2388233,0.14428748
743,0.007841153,0.06407209,0.7395751,0.016286308,0.13082911,0.0054361573,0.035960175
744,0.12610812,0.0029112136,0.13450955,0.0015160842,0.17854458,0.053977996,0.50243247
745,0.042621996,0.049804617,0.014118536,0.83097166,0.0129522635,0.024465308,0.025065651
746,0.5494505,0.044249676,0.05037708,0.017186934,0.100187205,0.08454567,0.15400288
747,0.24227624,0.2961995,0.14266348,0.3106485,0.0033915793,0.0031717313,0.001648993
748,0.05971161,0.01565485,0.10187691,0.014340459,0.6319465,0.018639417,0.15783024
749,0.13752387,0.00949996,0.3573815,0.0076180375,0.34843624,0.013055515,0.12648486
750,0.01840851,0.39258736,0.007939654,0.48953363,0.003092577,0.042028826,0.046409454
751,0.0064168707,0.2797749,0.005386948,0.677252,0.0016576565,0.014545339,0.0149662625
752,0.057976957,0.13887534,0.33687845,0.025905387,0.34633222,0.082222,0.011809658
753,0.009470803,0.04701392,0.014067105,0.24702998,0.01168293,0.6521631,0.01857226
754,0.1579531,0.0117567135,0.18930231,0.012040439,0.49650872,0.011522169,0.12091664
755,0.13986735,0.042867336,0.20959409,0.020217134,0.14954017,0.054233044,0.38368085
756,0.12682816,0.109879285,0.16106296,0.019498955,0.44540784,0.007793669,0.12952916
757,0.13555054,0.25070962,0.16653897,0.099603824,0.08314861,0.15654866,0.107899666
758,0.08171783,0.02476968,0.192178,0.0047962335,0.20948449,0.46530423,0.021749567
759,0.15942279,0.012241035,0.13280457,0.0029573457,0.27374536,0.032314617,0.3865143
760,0.12934689,0.08377783,0.10832253,0.26153016,0.0958783,0.003207941,0.31793633
761,0.02265576,0.042588353,0.062952645,0.023598444,0.018603062,0.81105,0.018551772
762,0.09705521,0.042696632,0.2369989,0.037584774,0.39598387,0.053399686,0.136281
763,0.06278559,0.036883917,0.35591602,0.044595163,0.21697105,0.27391466,0.008933652
764,0.060068026,0.15723296,0.022090385,0.43607935,0.02828281,0.08691934,0.20932716
765,0.22356497,0.028040541,0.19257466,0.018232897,0.07431211,0.4339981,0.029276617
766,0.079563655,0.028814908,0.07508208,0.035792872,0.17966348,0.0060200887,0.59506285
767,0.05203834,0.047836367,0.29927263,0.0044840574,0.2945975,0.25836027,0.04341079
768,0.012002314,0.00833568,0.054913897,0.020755291,0.70569813,0.0074905627,0.19080418
769,0.09177595,0.5220287,0.109151945,0.12268761,0.062401865,0.042759392,0.049194537
770,0.06303877,0.010697499,0.22751245,0.030225756,0.15841806,0.0006598273,0.5094476
771,0.028734116,0.3108544,0.072751515,0.19562356,0.083098635,0.011737509,0.29720023
772,0.16986232,0.012282388,0.62748075,0.006431839,0.13565712,0.020349918,0.027935717
773,0.017752944,0.541994,0.05238235,0.3109755,0.02954257,0.009386185,0.037966426
774,0.0037691032,0.11141163,0.0013510793,0.87210244,0.0009829808,0.0012556388,0.009127055
775,0.32841343,0.091283,0.19647579,0.027315829,0.21289939,0.006926352,0.13668616
776,0.26556566,0.11788952,0.05733313,0.005212674,0.052176055,0.29817313,0.20364986
777,0.21716174,0.07818829,0.13476267,0.027447855,0.25870988,0.008450883,0.27527866
778,0.12142662,0.16917314,0.0836539,0.27377957,0.03862262,0.13440232,0.17894182
779,0.029044423,0.021528551,0.037923776,0.010540541,0.030687632,0.7884649,0.081810184
780,0.19120072,0.12788542,0.08110074,0.029775454,0.068065956,0.11235919,0.3896125
781,0.075507104,0.02635742,0.020315822,0.872215,0.00047087952,0.003889935,0.0012438007
782,0.1803745,0.025187502,0.5091226,0.036955774,0.20644301,0.029342689,0.012573889
783,0.3229768,0.07290377,0.20093708,0.044895973,0.18939559,0.0048671113,0.16402364
784,0.054839883,0.12330209,0.043770224,0.5831688,0.024601607,0.116355345,0.053962063
785,0.07403509,0.023716506,0.020480776,0.012224706,0.0049887234,0.7960217,0.06853248
786,0.013320534,0.021520995,0.020463744,0.46475178,0.015136483,0.42754132,0.037265178
787,0.13424315,0.006987719,0.13362578,0.005790146,0.15126091,0.32989264,0.23819967
788,0.0040733926,0.094931126,0.0036694198,0.86030513,0.003894686,0.011279436,0.021846907
789,0.020513508,0.34058958,0.08927894,0.47169685,0.025191033,0.012974945,0.03975504
790,0.040107798,0.64239126,0.03286262,0.14239654,0.028893454,0.012316749,0.1010315
791,0.13215765,0.040390782,0.27882278,0.0068127085,0.38557938,0.04200844,0.114228286
792,0.1838841,0.016753517,0.20383413,0.0063953316,0.29807633,0.011507649,0.2795489
793,0.049908236,0.35485587,0.10195619,0.1616778,0.11341866,0.15312111,0.06506208
794,0.10578339,0.045504276,0.21114877,0.014482531,0.523751,0.043220405,0.056109693
795,0.032854203,0.17200035,0.10715617,0.22484298,0.07066637,0.09134577,0.30113414
796,0.030726189,0.43450773,0.050467763,0.3124218,0.04400295,0.05964208,0.06823143
797,0.076668955,0.22920594,0.10018247,0.3676744,0.106725894,0.013651543,0.10589075
798,0.090693824,0.3922728,0.05385396,0.30699962,0.055322643,0.007461321,0.09339575
799,0.07386729,0.30272564,0.23724714,0.05413812,0.17706034,0.0097677,0.1451937
800,0.01075039,0.029528035,0.008241592,0.5336229,0.0022202537,0.410587,0.0050497036
801,0.09803035,0.09654389,0.29877225,0.031509113,0.34240153,0.070797816,0.061945107
802,0.061348036,0.12965514,0.07486822,0.09212574,0.026588691,0.35825637,0.25715777
803,0.023557704,0.3703183,0.079787895,0.28975615,0.061843332,0.058208622,0.116528
804,0.043699402,0.0077209543,0.12776613,0.012134621,0.084368356,0.003617798,0.7206927
805,0.0776024,0.023647359,0.14105284,0.07110103,0.19592494,0.34744287,0.14322852
806,0.23813486,0.021870311,0.12172835,0.017472904,0.21291775,0.022563031,0.36531276
807,0.14817895,0.045523282,0.3354225,0.016332561,0.32071987,0.0025429775,0.13127995
808,0.042656813,0.016388211,0.046706542,0.01115959,0.07020397,0.03505741,0.7778275
809,0.29630902,0.100396045,0.16543923,0.019147877,0.29752457,0.029669076,0.09151407
810,0.0069949958,0.18696406,0.014555234,0.71032983,0.008503035,0.024636311,0.048016578
811,0.062085453,0.011393438,0.084990196,0.0017217536,0.11198252,0.02470603,0.70312065
812,0.03342624,0.06322451,0.0549944,0.006909877,0.16274686,0.67319095,0.0055072373
813,0.107406236,0.07097497,0.16241606,0.08083643,0.21582058,0.0163552,0.34619057
814,0.03126116,0.065622136,0.085389376,0.006132527,0.039805077,0.55690145,0.21488823
815,0.08969039,0.075912505,0.42957288,0.07160755,0.21174285,0.11191683,0.009557053
816,0.010264326,0.10966066,0.008863483,0.04388664,0.0044998378,0.8063074,0.01651774
817,0.100164436,0.1971264,0.11953826,0.20477088,0.06135589,0.26666203,0.050382107
818,0.08646859,0.19323248,0.15358977,0.22693226,0.08887791,0.19565888,0.055240177
819,0.068163946,0.16672777,0.10298479,0.028631508,0.1847237,0.10558825,0.34318
820,0.067874916,0.29909033,0.16699998,0.10999529,0.10520082,0.082670175,0.16816841
821,0.04263363,0.1489105,0.0093403235,0.66740704,0.00562671,0.09889031,0.02719155
822,0.6439805,0.11570855,0.032233242,0.036205452,0.011738828,0.14573318,0.014400253
823,0.16387777,0.07282786,0.17883448,0.18811178,0.14154722,0.049847562,0.20495324
824,0.20464721,0.12026703,0.53051895,0.038102187,0.082903266,0.001607787,0.021953544
825,0.21024013,0.03222243,0.18514231,0.02225225,0.3884568,0.04198383,0.11970233
826,0.015284699,0.20289847,0.040298156,0.51721007,0.043546747,0.11107704,0.06968473
827,0.015423801,0.20081307,0.022274999,0.04203624,0.030447366,0.58978665,0.09921792
828,0.13690546,0.1715793,0.13797611,0.47120494,0.02779152,0.0024003938,0.05214239
829,0.15115969,0.014662466,0.06670428,0.002557736,0.1793569,0.024523703,0.5610353
830,0.22486542,0.051704526,0.13538575,0.025164587,0.38977796,0.04317345,0.12992828
831,0.6743235,0.031831983,0.07252018,0.0052453,0.079711296,0.0051643653,0.13120332
832,0.019607961,0.4136385,0.043977562,0.4520648,0.028192535,0.019707603,0.022810997
833,0.12266778,0.18979847,0.19879866,0.21486464,0.1246504,0.10067626,0.048543736
834,0.037131328,0.25387663,0.15823637,0.13391994,0.030218247,0.37350997,0.013107507
835,0.10979705,0.019025823,0.33534467,0.019430785,0.21702817,0.0048448173,0.29452878
836,0.021694532,0.093107544,0.023372471,0.026795305,0.016097471,0.8036644,0.015268204
837,0.053548057,0.5784964,0.07754788,0.15394768,0.024620093,0.020035192,0.09180466
838,0.004834402,0.037047006,0.002268736,0.9499637,0.0005067412,0.0036273666,0.0017519733
839,0.085732296,0.00868077,0.06238648,0.008380282,0.13672836,0.06920215,0.6288896
840,0.010851528,0.043934986,0.05895991,0.03961316,0.036675923,0.8004567,0.009507762
841,0.0025720438,0.13755175,0.0033481217,0.8335331,0.0009754654,0.014856951,0.007162567
842,0.31145403,0.06839752,0.030949483,0.04917937,0.030995537,0.13328208,0.375742
843,0.035400834,0.054086324,0.10393196,0.01348983,0.10355956,0.5604131,0.12911834
844,0.02442182,0.14430872,0.08089168,0.08038554,0.05461076,0.47511873,0.14026266
845,0.07096541,0.0099550495,0.19681402,0.0157798,0.2903803,0.035390902,0.38071454
846,0.07935117,0.03474586,0.18840215,0.015945377,0.21274295,0.025058148,0.44375435
847,0.17646861,0.14383477,0.2086964,0.017468331,0.40075755,0.007959681,0.044814598
848,0.25723058,0.0190734,0.069485396,0.009414314,0.09921548,0.2342711,0.31130978
849,0.000580942,0.0023293772,0.0013774614,0.00053745805,0.0012073896,0.99247485,0.0014925218
850,0.005579903,0.63988304,0.0002534547,0.35236138,0.0002479052,9.9790916e-05,0.0015745916
851,0.03735896,0.18618159,0.13909556,0.03695672,0.1209312,0.1578009,0.32167512
852,0.06434776,0.1635519,0.399549,0.06594361,0.16378924,0.066451155,0.07636739
853,0.0021713702,0.13832827,0.0023983368,0.075676516,0.00024087343,0.7778179,0.0033667486
854,0.2736231,0.09754701,0.09382593,0.023556447,0.1513545,0.20431307,0.15577991
855,0.17567487,0.15266088,0.10971797,0.02383556,0.1675211,0.21135041,0.15923919
856,0.0360591,0.017584251,0.24684027,0.022634437,0.25953868,0.025493309,0.39184988
857,0.08483196,0.03462458,0.13329816,0.22574735,0.24134651,0.0475692,0.23258221
858,0.49425876,0.0097023435,0.16307464,0.004141987,0.24562202,0.0028389685,0.08036131
859,0.07100143,0.08204481,0.027737811,0.03521778,0.022990292,0.5499566,0.21105121
860,0.0072564534,0.15741716,0.009314506,0.7416721,0.0032405904,0.06105803,0.020041175
861,0.11216498,0.02452234,0.035348862,0.016177125,0.080039054,0.32132378,0.4104239
862,0.009370507,0.061934326,0.0014015508,0.90172714,0.00032454246,0.023311842,0.001930058
863,0.0419479,0.4873026,0.07898661,0.1992984,0.0070857387,0.16330935,0.022069301
864,0.07128255,0.26213813,0.257813,0.28561017,0.08028327,0.009587803,0.033285085
865,0.09323642,0.14263643,0.19077663,0.2778813,0.15801615,0.0032613645,0.13419162
866,0.023811052,0.20801456,0.0062164846,0.6356371,0.0033157934,0.06077982,0.062225282
867,0.009642416,0.6149597,0.047448862,0.22184041,0.042945184,0.003139574,0.060023975
868,0.0738946,0.011654146,0.22807844,0.004153977,0.60851634,0.012961338,0.0607411
869,0.09502022,0.40577886,0.2123116,0.0738966,0.13513884,0.04957328,0.02828057
870,0.086903945,0.07416842,0.035724096,0.76747376,0.0010018921,0.030543795,0.004184105
871,0.17563905,0.120929174,0.21762387,0.055554606,0.2632954,0.07848683,0.088471
872,0.08056279,0.5065849,0.19101673,0.01930234,0.15577914,0.0058947485,0.04085937
873,0.02866924,0.023417376,0.02753903,0.0048344973,0.042073514,0.63304025,0.24042608
874,0.18841851,0.12717421,0.09708932,0.014083368,0.33982474,0.08987281,0.14353704
875,0.24541308,0.23108694,0.13154063,0.1065085,0.07755292,0.038163383,0.16973461
876,0.11440428,0.026111567,0.13636449,0.017618496,0.57881737,0.0030539208,0.12362987
877,0.33387586,0.005854737,0.28052172,0.004974128,0.3367834,0.0016186545,0.03637139
878,0.07035291,0.19044514,0.112294756,0.52228,0.0453021,0.019883664,0.03944144
879,0.15492694,0.08025388,0.07474217,0.007525532,0.13113958,0.4427683,0.10864364
880,0.46339023,0.055582438,0.06498717,0.010546903,0.21340704,0.021718066,0.17036827
881,0.11717303,0.26061013,0.16305667,0.1676855,0.1646249,0.016636495,0.11021326
882,0.11135067,0.16791706,0.15806994,0.10088548,0.26524058,0.011577892,0.1849584
883,0.016984256,0.17958316,0.16054784,0.13257672,0.068385094,0.42326778,0.018655233
884,0.08826597,0.21076414,0.046129264,0.64200693,0.0014730537,0.009781112,0.0015796825
885,0.103272244,0.22771914,0.122456975,0.14268011,0.22963679,0.071702056,0.10253271
886,0.043384776,0.018834723,0.21775894,0.03135538,0.22817414,0.0017935091,0.45869848
887,0.033017404,0.010677759,0.09482598,0.0013415848,0.06137067,0.06738088,0.7313857
888,0.18030348,0.23546354,0.080430865,0.005762039,0.12964821,0.06607155,0.3023203
889,0.14625081,0.14441623,0.08715861,0.26722243,0.119027734,0.0053330334,0.23059109
890,0.017275935,0.07889913,0.0037668627,0.8587828,0.0008949805,0.031722676,0.008657561
891,0.0068545486,0.04762712,0.016643835,0.07096217,0.027642844,0.8045283,0.025741255
892,0.10695205,0.016143002,0.096975036,0.0069019743,0.13393104,0.5005726,0.13852423
893,0.41945118,0.029235782,0.036656104,0.0027179876,0.095882565,0.22652909,0.18952727
894,0.30488688,0.002110336,0.23505677,0.0031727972,0.2926883,0.016212046,0.14587286
895,0.08432837,0.11516953,0.14844449,0.45624352,0.035972007,0.002519694,0.15732239
896,0.19048883,0.013149552,0.041083712,0.006488013,0.04325458,0.09212776,0.61340755
897,0.05039717,0.26434916,0.009652596,0.6250631,0.0020834878,0.022877576,0.025576854
898,0.06334484,0.27041617,0.20443222,0.346809,0.05352734,0.028961642,0.0325088
899,0.19916616,0.0738015,0.16310488,0.02324395,0.36376312,0.024995305,0.15192513
900,0.32757384,0.015274877,0.13667025,0.027452163,0.22270057,0.0011572902,0.269171
901,0.009012186,0.062386397,0.007371416,0.099760704,0.0024537419,0.81341255,0.0056029996
902,0.14753933,0.099885575,0.071605645,0.00945102,0.14949748,0.13191433,0.39010662
903,0.006050205,0.3179876,0.0012060582,0.66728365,0.00025442036,0.0055905767,0.0016275389
904,0.027331289,0.012057218,0.18203044,0.016598418,0.5145618,0.040403552,0.20701736
905,0.17086247,0.032987423,0.094718315,0.011282074,0.24467143,0.030268177,0.41521004
906,0.016107397,0.2777067,0.07352697,0.042700548,0.07957825,0.33654398,0.17383611
907,0.020988934,0.011889782,0.13697703,0.009643355,0.6765064,0.0104765175,0.1335179
908,0.095784634,0.097663596,0.24300344,0.12519075,0.34044304,0.002454926,0.095459595
909,0.17644376,0.0246365,0.2177001,0.014770351,0.27864534,0.018026542,0.26977748
910,0.036397055,0.39368868,0.106658034,0.08347431,0.075315125,0.09890822,0.20555855
911,0.06787928,0.04832862,0.28843576,0.053306796,0.12341354,0.0057808147,0.41285518
912,0.007055932,0.10108927,0.012290644,0.1008785,0.015567484,0.6938807,0.06923747
913,0.031206574,0.16375841,0.04094479,0.42089564,0.028917471,0.057013985,0.25726318
914,0.09037163,0.39420742,0.09574964,0.12922275,0.118977234,0.005447587,0.16602373
915,0.05787951,0.19238165,0.09484255,0.07151986,0.1405802,0.23718686,0.2056094
916,0.13729505,0.7406371,0.103341706,0.014078272,0.0017796984,0.0016590734,0.0012091455
917,0.017006837,0.0699664,0.0030060618,0.86463976,0.0013538203,0.03199887,0.012028239
918,0.10086901,0.032195993,0.050119944,0.007360853,0.12592152,0.037059695,0.646473
919,0.12982638,0.31384376,0.09278817,0.18485382,0.03846222,0.18297374,0.057251934
920,0.006496206,0.059933748,0.0011169156,0.420319,0.0012707403,0.46391723,0.046946105
921,0.09077273,0.034543913,0.21745895,0.012020733,0.62690496,0.0010749971,0.017223585
922,0.0028524117,0.054280322,0.00060262467,0.9330315,0.00015784874,0.004115864,0.0049594482
923,0.16164295,0.042295452,0.22392467,0.009355516,0.14719032,0.0067575793,0.4088336
924,0.039073575,0.6930681,0.059526004,0.040205985,0.070067585,0.00067372865,0.097385
925,0.16769777,0.006271511,0.053181008,0.0025208509,0.11758398,0.018291371,0.6344536
926,0.1028101,0.025909437,0.04810027,0.0046018586,0.05345784,0.20326883,0.5618516
927,0.009816518,0.6896437,0.0122682545,0.25079945,0.0068383683,0.0029122184,0.027721506
928,0.113562144,0.11420411,0.22005677,0.040589835,0.46195796,0.0012300488,0.048399184
929,0.04821149,0.047507755,0.19268754,0.039769657,0.29474133,0.19100444,0.18607776
930,0.06351213,0.0040526823,0.11315621,0.0015772575,0.17505732,0.2337909,0.40885347
931,0.14729083,0.09575229,0.02642403,0.20713513,0.013327284,0.16834722,0.34172317
932,0.14516836,0.07885058,0.15601602,0.063575685,0.3322629,0.019800026,0.2043264
933,0.04285844,0.029152967,0.046640944,0.0114973355,0.11841332,0.70933217,0.042104837
934,0.05371448,0.060901668,0.0823797,0.024269136,0.08530945,0.64877224,0.04465335
935,0.0010887771,0.004652532,0.001463942,0.0021928954,0.0018690055,0.97772825,0.011004577
936,0.014571283,0.051438164,0.0032907522,0.9279422,0.00057429983,0.001536333,0.00064692117
937,0.042986464,0.45769173,0.03801071,0.43878353,0.006251574,0.006738304,0.009537579
938,0.12844789,0.1949434,0.340827,0.11516949,0.16197115,0.0011886164,0.057452496
939,0.055836547,0.12108529,0.091425754,0.13994384,0.06222854,0.30673602,0.22274402
940,0.041778877,0.06575536,0.056012753,0.6914702,0.039669678,0.026570521,0.078742556
941,0.106192835,0.03967235,0.6260051,0.015201804,0.15482564,0.034449965,0.023652295
942,0.05437623,0.1365688,0.08551747,0.13399307,0.08357715,0.07423612,0.4317311
943,0.07151905,0.046205062,0.08928178,0.050816312,0.21541806,0.073793724,0.452966
944,0.10719284,0.2693345,0.21532011,0.028241845,0.24017349,0.06374628,0.07599093
945,0.1772834,0.02462676,0.21514781,0.0014802852,0.5107576,0.051388923,0.019315204
946,0.26648146,0.2120884,0.15859087,0.00919014,0.13127004,0.09925575,0.12312329
947,0.06400296,0.6065398,0.12694776,0.029814688,0.0975243,0.0032945669,0.07187588
948,0.089175045,0.07703385,0.07325604,0.011355061,0.20393804,0.033760164,0.5114818
949,0.009990786,0.01013975,0.0111202095,0.011512891,0.005253289,0.9460169,0.0059662
950,0.11548539,0.33276665,0.029162334,0.5206801,0.00036737716,0.00061311305,0.0009249391
951,0.062030375,0.14122115,0.17895262,0.21609758,0.25217196,0.030332824,0.119193465
952,0.02618921,0.07632484,0.035492655,0.08670501,0.053041313,0.41747707,0.3047699
953,0.02397061,0.37444472,0.081056826,0.07033872,0.13289966,0.2728732,0.04441622
954,0.035822265,0.013649242,0.038534004,0.004905809,0.019741891,0.6950768,0.19227006
955,0.15435609,0.011581744,0.1297155,0.0045555076,0.14469863,0.009860243,0.5452323
956,0.03260136,0.03997178,0.00039400495,0.91775435,0.00014827483,0.0056188903,0.0035113695
957,0.11899034,0.005048592,0.1989522,0.0011633311,0.5225217,0.031365294,0.121958576
958,0.1120427,0.03761805,0.6328114,0.0048500295,0.1722544,0.00874639,0.031676944
959,0.004980598,0.17031161,0.013089431,0.59278405,0.004759471,0.15146145,0.06261337
960,0.022549737,0.4815754,0.06087422,0.23575415,0.09899878,0.02109753,0.07915022
961,0.13386759,0.029126206,0.0510306,0.009574837,0.045749966,0.011097333,0.71955353
962,0.04581962,0.36453518,0.01939229,0.2174046,0.03634372,0.22308296,0.09342169
963,0.19430438,0.075053275,0.1253208,0.088437065,0.06394576,0.39118996,0.06174882
964,0.13753343,0.022765573,0.29895383,0.011385821,0.3067922,0.007732304,0.21483684
965,0.23936352,0.019128235,0.10197333,0.0058635264,0.2563157,0.11595571,0.26139992
966,0.12740457,0.23120046,0.12795456,0.09430362,0.19135164,0.16553786,0.062247436
967,0.089529455,0.092277154,0.33474767,0.025375081,0.16295396,0.019804357,0.27531233
968,0.13963732,0.2793696,0.24766034,0.14366968,0.06938678,0.085931875,0.034344353
969,0.34296772,0.02857451,0.1868187,0.0048068636,0.14729367,0.027459834,0.26207873
970,0.1983298,0.05515904,0.23548947,0.009173154,0.2586205,0.076208755,0.16701932
971,0.04164808,0.08781041,0.0040183007,0.8586906,0.00031328818,0.006310795,0.0012083666
972,0.15492447,0.036881242,0.20581761,0.011647024,0.4684163,0.020910038,0.101403326
973,0.4721639,0.018304942,0.17297326,0.011004976,0.24731714,0.012403067,0.06583276
974,0.02322718,0.5742083,0.1498286,0.12585333,0.09131409,0.013035144,0.022533301
975,0.020240279,0.45115343,0.014500154,0.40504885,0.018240176,0.056519404,0.034297813
976,0.07078646,0.1374578,0.050235223,0.49861932,0.013923914,0.06514737,0.16382992
977,0.33302712,0.008479187,0.07588173,0.0025233151,0.12671337,0.011760719,0.44161445
978,0.009046051,0.192583,0.002526963,0.782997,0.0013912176,0.0041405153,0.0073152217
979,0.029981256,0.099660516,0.020564198,0.053505424,0.008345546,0.51604056,0.2719025
980,0.09482688,0.0057475884,0.028289469,0.00079974707,0.060359247,0.014938178,0.7950389
981,0.029566454,0.00494256,0.060768872,0.0006507548,0.02940625,0.225355,0.64931005
982,0.15696071,0.01983578,0.26959267,0.028947007,0.12652302,0.0038150754,0.39432576
983,0.07680927,0.016987085,0.13003555,0.009197242,0.16165605,0.012697029,0.5926178
984,0.011612499,0.2875467,0.009885347,0.67292494,0.002514177,0.00082413736,0.014692137
985,0.018621832,0.012391802,0.08395054,0.004736527,0.096953295,0.7640567,0.019289391
986,0.1063704,0.28399453,0.10864764,0.09128398,0.13427088,0.05001981,0.22541279
987,0.106718786,0.017681366,0.20359771,0.0062971693,0.22834206,0.28084034,0.15652256
988,0.1254187,0.046251,0.520599,0.01826192,0.21941093,0.044125155,0.025933351
989,0.00897814,0.51598185,0.1340981,0.12199395,0.08105253,0.09459374,0.04330164
990,0.18192409,0.18272856,0.1316233,0.05429774,0.1594626,0.004994343,0.2849694
991,0.0569925,0.33633453,0.07596768,0.14814878,0.07127604,0.21360794,0.09767256
992,0.26728427,0.11688896,0.15699816,0.03759951,0.14777358,0.008300506,0.265155
993,0.08527305,0.257824,0.044861402,0.39666912,0.14412063,0.048355963,0.02289579
994,0.23475982,0.028290246,0.34748414,0.013090835,0.20230135,0.02241193,0.1516617
995,0.09288487,0.022834148,0.17000698,0.0076156124,0.6425821,0.010174395,0.053901874
996,0.08511578,0.11263414,0.05627289,0.010930038,0.19022423,0.26400802,0.28081492
997,0.030758137,0.43427438,0.044209316,0.36276773,0.014027724,0.087588154,0.026374608
998,0.068331264,0.046096694,0.15326709,0.039428912,0.5228631,0.012842573,0.15717037
999,0.1448886,0.031077527,0.14024112,0.011092529,0.3052701,0.091840245,0.27558982
1000,0.14679022,0.038900197,0.06624188,0.013675857,0.0611024,0.003724589,0.66956484
